no;gender;party;educ;health_ins7;jobs_guar7;gov_services7;FS_poor3;FS_childcare3;FS_crime3;FS_publicschools3;FS_welfare3;FS_envir3;FS_socsec3
1;1;independent;2;7;7;1;3;3;1;3;3;3;2
2;2;Democrat;1;5;NA;5;2;2;1;1;3;1;1
3;2;Republican;2;7;5;5;1;2;1;1;1;2;1
4;1;independent;1;7;5;4;3;1;1;1;3;1;1
5;1;Republican;2;4;NA;3;2;2;1;1;2;2;2
6;2;Republican;2;NA;7;3;1;2;1;1;1;1;1
7;2;independent;2;4;4;4;1;1;2;1;1;1;1
8;1;independent;2;NA;NA;NA;2;2;2;2;2;2;2
9;2;Republican;2;NA;NA;NA;2;2;1;3;3;1;1
10;1;Democrat;2;NA;NA;NA;1;1;1;1;1;1;2
11;2;independent;2;4;4;3;NA;2;2;3;2;2;2
12;2;Republican;1;NA;4;7;2;2;2;1;3;1;1
13;1;Republican;1;1;7;7;2;2;1;1;1;2;1
14;2;Republican;2;NA;NA;NA;1;NA;1;2;1;1;2
15;2;independent;2;1;4;4;2;2;1;2;2;1;2
16;2;independent;2;NA;NA;NA;1;1;1;1;1;1;2
17;2;Democrat;1;1;1;7;1;1;1;1;3;1;2
18;1;independent;2;2;2;6;1;1;1;1;2;1;2
19;1;Democrat;2;3;4;4;2;1;2;1;2;2;2
20;1;Republican;2;NA;NA;NA;3;3;3;3;3;3;2
21;2;independent;2;3;6;6;1;2;2;1;3;1;2
22;2;independent;1;1;7;2;1;2;1;1;2;2;1
23;2;Democrat;1;5;4;NA;2;2;2;1;2;2;2
24;2;Democrat;1;NA;NA;NA;1;1;1;1;1;1;1
25;2;Democrat;2;NA;NA;NA;1;1;1;1;1;1;1
26;1;Democrat;2;2;4;5;1;1;1;1;1;1;1
27;2;independent;1;5;5;6;1;1;3;1;1;2;1
28;1;Democrat;2;NA;4;NA;2;1;2;1;3;1;3
29;1;Democrat;1;NA;NA;NA;1;2;2;2;2;2;2
30;1;independent;2;NA;NA;NA;2;1;1;1;2;1;2
31;2;Republican;1;NA;NA;NA;3;2;2;2;3;1;2
32;1;Republican;1;7;7;4;1;1;1;2;3;1;1
33;1;Republican;2;5;6;2;3;2;2;2;3;1;1
34;1;independent;1;1;2;5;1;3;2;1;2;1;1
35;2;independent;2;NA;NA;NA;1;1;1;1;1;1;1
36;2;independent;2;3;2;5;1;1;1;1;2;2;2
37;1;independent;2;NA;NA;NA;1;1;1;1;2;1;1
38;1;Democrat;2;NA;NA;NA;1;1;1;2;2;1;1
39;1;Democrat;2;NA;NA;NA;2;2;1;1;2;1;2
40;1;Democrat;2;2;2;5;1;1;1;1;1;1;1
41;2;Democrat;2;4;3;4;1;1;1;1;2;1;1
42;1;independent;2;NA;NA;NA;1;2;2;1;1;2;1
43;2;Democrat;2;NA;NA;NA;1;2;1;1;3;1;1
44;2;independent;2;NA;NA;NA;1;NA;3;1;1;1;1
45;2;Republican;2;7;1;7;1;1;1;1;1;1;1
46;2;independent;2;NA;7;4;NA;NA;2;1;2;2;NA
47;1;Democrat;2;NA;NA;NA;1;2;1;1;2;1;1
48;1;independent;2;3;4;5;1;1;3;1;2;1;1
49;2;Republican;2;NA;NA;NA;2;2;2;1;3;3;2
50;1;Democrat;2;NA;NA;NA;2;1;1;1;1;1;1
51;2;Democrat;2;NA;NA;NA;3;2;1;1;3;1;2
52;1;independent;1;1;1;6;1;2;3;2;1;3;1
53;1;Republican;2;NA;NA;NA;2;1;2;1;3;2;1
54;2;independent;2;NA;NA;NA;1;1;1;1;2;1;1
55;2;Republican;2;1;4;6;1;1;2;1;2;1;1
56;2;Republican;1;NA;NA;NA;1;1;1;1;2;1;1
57;1;independent;2;1;3;7;NA;1;1;1;3;1;2
58;2;independent;1;6;4;4;1;2;2;1;2;2;1
59;2;independent;2;4;2;5;1;1;3;1;1;2;1
60;2;independent;2;5;4;4;1;1;2;1;2;1;2
61;1;independent;2;NA;NA;NA;1;1;2;1;2;1;1
62;2;independent;2;5;5;3;2;1;1;1;2;1;1
63;1;Republican;2;NA;NA;NA;2;1;1;1;1;1;1
64;1;independent;2;1;7;7;2;2;2;1;2;1;2
65;2;Democrat;2;NA;NA;NA;1;1;1;1;1;1;1
66;2;Democrat;2;1;2;6;1;1;2;1;1;1;1
67;1;Republican;1;7;7;1;2;2;1;2;2;2;1
68;1;Democrat;2;NA;NA;NA;1;1;2;1;2;1;1
69;2;Democrat;2;NA;NA;NA;1;1;2;1;1;1;2
70;2;Democrat;2;2;2;6;1;1;1;1;1;1;1
71;2;independent;2;NA;NA;NA;1;1;1;1;1;1;1
72;1;independent;2;NA;NA;NA;1;2;1;1;2;2;1
73;1;Democrat;2;1;NA;NA;2;1;1;1;2;1;1
74;2;Democrat;2;4;NA;6;2;1;1;1;2;1;2
75;1;independent;1;4;3;5;1;1;2;1;1;1;1
76;1;Democrat;2;NA;NA;NA;1;1;1;1;2;1;2
77;1;Democrat;2;NA;NA;NA;1;1;1;1;1;1;1
78;1;independent;2;5;5;3;2;2;1;1;2;1;1
79;2;Democrat;2;1;1;7;1;1;1;1;3;1;1
80;1;Democrat;2;3;3;5;1;1;2;1;1;1;1
81;2;Democrat;2;3;3;3;1;2;1;1;2;1;2
82;1;independent;2;NA;NA;NA;1;1;1;1;3;2;2
83;2;Democrat;1;NA;NA;NA;1;1;1;1;1;2;1
84;1;Democrat;1;NA;NA;NA;2;1;1;1;2;1;1
85;2;Republican;2;NA;NA;NA;2;2;2;1;2;2;1
86;2;independent;1;2;3;7;2;1;2;1;3;1;1
87;2;Democrat;1;NA;NA;NA;2;1;1;1;2;2;1
88;1;Republican;2;NA;NA;NA;1;1;1;1;3;1;1
89;2;Democrat;2;NA;NA;NA;1;1;2;1;1;2;1
90;2;independent;2;4;NA;7;1;1;1;1;3;1;1
91;2;Democrat;2;NA;NA;NA;2;2;1;1;2;2;2
92;2;Democrat;2;NA;NA;NA;1;1;1;1;1;1;1
93;1;Republican;2;NA;NA;NA;3;2;2;1;3;1;1
94;1;independent;1;4;5;7;1;1;1;1;3;2;1
95;2;Democrat;2;NA;NA;NA;1;1;1;1;2;1;1
96;1;independent;2;NA;NA;NA;1;1;1;1;3;1;2
97;1;independent;2;NA;NA;NA;1;1;1;1;1;1;1
98;2;Democrat;2;7;1;NA;1;1;1;1;3;1;1
99;1;Republican;2;NA;NA;NA;1;1;1;1;3;2;1
100;2;independent;2;1;4;7;2;1;2;1;2;1;1
101;1;independent;2;2;4;4;1;1;1;1;2;1;2
102;2;independent;1;1;1;7;1;1;1;1;1;1;2
103;1;Democrat;1;NA;NA;NA;1;2;1;1;1;1;1
104;2;Republican;2;NA;NA;NA;2;1;2;2;2;2;1
105;1;independent;2;NA;NA;NA;1;1;2;1;2;1;1
106;2;Democrat;2;NA;NA;NA;1;2;2;1;2;2;1
107;1;independent;1;NA;NA;NA;1;2;1;1;3;1;1
108;1;Democrat;1;NA;NA;NA;1;2;1;2;3;1;1
109;2;Democrat;2;NA;NA;NA;1;2;1;1;3;1;1
110;2;Democrat;2;6;NA;NA;2;2;2;2;1;1;2
111;1;independent;1;2;NA;NA;1;1;3;2;1;2;2
112;2;Democrat;1;1;1;7;1;1;1;1;1;1;1
113;2;independent;1;NA;NA;NA;2;2;2;2;3;2;2
114;2;Democrat;2;NA;NA;NA;1;2;2;1;3;1;2
115;2;Democrat;2;4;5;NA;1;2;1;2;2;2;2
116;2;Democrat;2;NA;NA;NA;1;1;1;1;2;NA;1
117;1;independent;2;5;6;1;2;2;1;1;3;1;2
118;1;Democrat;1;4;1;1;2;2;1;1;3;1;1
119;2;Democrat;1;NA;NA;NA;1;1;1;1;1;2;1
120;1;independent;2;NA;NA;NA;2;1;1;1;2;1;3
121;2;independent;1;4;4;5;1;1;1;1;1;1;1
122;1;Democrat;2;NA;NA;NA;2;1;2;1;2;1;1
123;1;Republican;2;NA;NA;NA;3;1;1;1;3;1;1
124;2;independent;1;NA;NA;NA;2;3;3;2;NA;3;NA
125;2;Democrat;1;NA;NA;NA;1;2;1;1;2;1;1
126;1;independent;1;2;1;4;2;2;2;1;2;1;2
127;2;Republican;1;7;7;1;3;NA;2;2;3;3;1
128;1;independent;1;NA;NA;NA;1;1;1;1;1;1;1
129;2;independent;2;1;3;7;1;1;3;1;2;1;2
130;2;Democrat;2;2;3;6;1;2;2;1;1;1;1
131;2;independent;2;4;5;3;2;NA;2;1;2;1;2
132;1;Republican;2;NA;NA;NA;1;1;2;1;3;1;2
133;1;Democrat;1;4;NA;NA;1;NA;2;2;2;1;3
134;1;independent;2;1;6;6;2;NA;1;1;2;1;1
135;1;Republican;2;NA;NA;NA;2;3;2;1;2;2;1
136;2;Democrat;2;2;5;5;1;1;1;1;2;2;1
137;1;Republican;2;NA;NA;NA;NA;2;1;3;3;3;2
138;1;independent;1;NA;7;6;2;1;1;1;3;1;1
139;2;Republican;2;7;7;1;3;3;1;2;3;3;NA
140;2;Democrat;1;4;3;3;1;2;2;1;2;1;2
141;2;Democrat;1;NA;NA;NA;1;1;1;1;1;1;1
142;2;independent;1;6;6;3;2;2;1;2;3;2;1
143;1;Republican;1;6;5;2;2;2;2;2;3;3;3
144;2;Democrat;2;NA;NA;NA;1;1;3;1;1;1;2
145;2;independent;2;NA;NA;NA;NA;3;NA;NA;3;NA;2
146;2;independent;1;NA;NA;NA;1;1;1;1;1;1;1
147;1;Democrat;2;NA;NA;NA;1;1;1;1;2;1;1
148;1;Democrat;2;1;2;5;1;2;1;1;2;1;1
149;1;Republican;2;NA;NA;NA;2;NA;1;2;2;2;2
150;1;Republican;2;NA;NA;NA;2;2;2;3;3;2;2
151;2;independent;2;1;4;5;1;2;1;1;2;1;1
152;2;independent;2;NA;NA;NA;1;1;1;1;2;2;1
153;2;Democrat;2;NA;NA;NA;2;2;2;2;2;2;2
154;1;independent;2;NA;NA;NA;3;1;1;1;3;3;2
155;2;Democrat;2;NA;NA;NA;1;2;1;1;1;1;1
156;2;Democrat;2;NA;NA;NA;1;1;1;2;2;1;1
157;2;independent;2;4;5;3;1;1;1;1;3;2;3
158;1;independent;1;6;6;5;2;2;2;2;2;1;1
159;1;Republican;2;3;5;4;1;1;1;1;3;1;3
160;2;independent;2;3;4;4;2;2;1;1;2;1;2
161;1;Democrat;1;NA;NA;NA;1;2;1;1;2;1;1
162;1;Republican;2;NA;NA;NA;2;3;2;1;1;1;1
163;1;independent;2;NA;NA;NA;1;1;1;1;3;1;2
164;2;Democrat;2;NA;NA;NA;1;2;1;2;2;3;2
165;2;Democrat;1;1;1;7;1;1;1;1;1;1;1
166;2;independent;1;5;4;4;2;1;1;1;3;2;1
167;2;Republican;1;7;7;7;1;1;3;1;2;2;1
168;1;Democrat;1;NA;NA;NA;2;2;2;2;2;3;3
169;1;Democrat;1;NA;NA;NA;1;1;1;1;1;1;1
170;2;Democrat;2;NA;NA;NA;3;3;2;2;3;2;2
171;1;Republican;2;7;7;1;2;2;1;2;2;2;1
172;2;Democrat;2;NA;NA;NA;1;1;1;1;3;1;1
173;2;Democrat;2;NA;NA;NA;1;1;1;1;2;1;1
174;1;Democrat;2;NA;NA;NA;2;1;2;1;1;1;2
175;2;Democrat;2;NA;3;6;1;1;2;1;1;2;1
176;2;independent;2;6;NA;NA;1;2;1;2;2;1;1
177;1;Republican;2;NA;NA;NA;1;1;1;1;2;2;2
178;1;Democrat;1;NA;NA;NA;1;1;1;1;2;2;1
179;2;Republican;2;NA;NA;NA;1;2;1;2;2;2;1
180;1;independent;1;NA;NA;NA;2;2;2;2;2;2;2
181;2;independent;2;NA;NA;NA;1;1;2;1;1;1;2
182;2;independent;2;NA;NA;NA;1;1;1;1;2;1;1
183;1;independent;1;NA;NA;NA;2;NA;2;1;2;1;NA
184;2;Democrat;2;1;2;6;1;1;3;1;1;1;1
185;2;Republican;2;6;5;4;2;2;2;2;2;2;2
186;1;Democrat;2;6;2;NA;2;2;1;2;3;2;1
187;2;independent;1;3;1;7;1;1;1;1;3;1;1
188;2;Republican;2;NA;NA;NA;2;2;2;2;3;2;1
189;1;Democrat;2;4;4;5;1;2;2;1;2;2;3
190;1;independent;2;3;6;3;2;2;1;1;3;2;2
191;1;Republican;2;5;6;4;1;1;1;2;2;1;2
192;1;Republican;2;NA;NA;NA;1;1;1;1;2;2;1
193;1;independent;2;NA;NA;NA;1;1;2;1;1;2;2
194;1;independent;2;6;6;4;1;1;1;1;2;1;2
195;2;independent;1;NA;NA;NA;2;1;1;1;3;2;1
196;1;independent;2;NA;NA;NA;1;2;1;2;2;1;2
197;1;independent;1;2;3;NA;1;2;1;1;3;1;1
198;1;Republican;2;5;5;3;1;1;1;2;3;3;NA
199;2;independent;1;NA;NA;NA;1;3;1;1;2;2;1
200;2;Republican;2;NA;NA;NA;1;2;2;1;2;1;1
201;1;Republican;2;7;7;3;1;1;1;1;3;1;2
202;2;Democrat;1;5;5;6;1;1;1;1;1;1;1
203;1;Republican;2;5;5;4;3;3;1;1;3;2;1
204;2;independent;2;4;4;4;2;1;1;1;2;1;1
205;1;Republican;2;NA;NA;NA;2;NA;1;1;3;2;2
206;2;Republican;1;NA;NA;NA;1;2;1;1;2;1;1
207;2;Republican;2;NA;NA;NA;1;NA;1;1;3;1;1
208;2;Democrat;1;1;7;6;1;1;1;1;1;1;2
209;2;independent;1;NA;5;NA;1;1;2;2;1;2;2
210;1;Democrat;2;1;1;7;1;1;1;1;1;1;1
211;1;Democrat;1;6;5;NA;1;2;2;1;1;1;2
212;2;Democrat;2;1;3;6;1;2;2;1;2;1;2
213;2;independent;1;NA;NA;NA;2;1;3;1;2;1;1
214;1;Democrat;2;NA;NA;NA;1;1;1;1;1;2;1
215;2;Democrat;2;1;1;1;1;1;2;1;1;2;1
216;1;Republican;1;NA;2;6;2;1;1;1;3;1;2
217;2;independent;2;NA;NA;NA;1;1;1;1;3;1;1
218;2;Democrat;1;4;NA;6;2;2;1;1;3;2;1
219;2;Republican;2;NA;NA;NA;1;1;1;1;2;1;1
220;1;independent;1;1;2;NA;1;2;1;2;1;1;2
221;1;Democrat;2;NA;NA;NA;1;1;1;1;3;2;2
222;2;independent;1;NA;NA;NA;2;NA;1;1;3;1;1
223;1;Democrat;2;3;NA;7;1;1;1;1;3;1;1
224;2;Democrat;1;4;NA;4;1;2;1;2;3;1;2
225;2;Democrat;1;2;3;6;2;1;1;1;1;1;1
226;2;Democrat;2;7;NA;NA;1;1;1;1;2;1;1
227;2;independent;1;4;4;4;1;1;2;1;1;1;1
228;1;Democrat;2;1;6;4;1;1;1;1;2;1;2
229;1;Democrat;1;6;4;4;1;1;2;1;1;1;1
230;1;Democrat;1;NA;NA;NA;1;1;1;1;1;1;1
231;1;independent;2;NA;NA;NA;1;2;2;1;1;1;1
232;1;independent;2;3;4;4;1;1;2;2;1;2;2
233;1;Republican;2;NA;NA;NA;2;2;2;2;3;2;2
234;2;independent;2;1;5;4;1;2;1;2;2;1;1
235;2;Republican;2;NA;NA;NA;2;2;2;1;2;3;2
236;2;Democrat;2;NA;NA;NA;1;1;2;1;3;1;1
237;2;independent;2;6;6;4;2;2;2;1;2;1;2
238;1;Republican;1;NA;NA;NA;3;2;1;3;3;2;3
239;1;Republican;2;NA;NA;NA;1;2;1;2;1;2;1
240;1;Democrat;2;2;6;6;1;1;2;1;2;1;1
241;1;Republican;2;NA;NA;NA;3;3;1;1;3;1;1
242;1;independent;2;1;2;5;1;1;1;1;2;2;1
243;2;Republican;2;NA;NA;NA;2;2;1;1;3;2;2
244;1;independent;2;NA;NA;NA;2;1;2;1;3;1;2
245;1;Republican;1;6;7;3;1;2;1;2;2;1;2
246;1;Republican;1;NA;NA;NA;NA;2;1;1;3;2;2
247;2;Democrat;1;NA;NA;NA;1;1;1;1;1;1;1
248;2;Democrat;2;2;5;5;3;2;1;1;3;1;1
249;1;Republican;2;NA;NA;NA;1;2;1;2;3;1;2
250;1;Democrat;2;1;6;6;1;2;1;1;3;1;1
251;2;Republican;1;NA;NA;NA;1;2;1;1;3;1;2
252;2;independent;2;3;6;4;2;2;2;1;3;2;1
253;2;Democrat;2;NA;NA;NA;1;2;2;1;1;1;2
254;1;Democrat;1;NA;NA;NA;1;1;1;1;1;1;1
255;2;Democrat;2;NA;NA;NA;1;2;1;1;1;1;1
256;1;independent;1;NA;NA;NA;1;1;1;1;1;1;1
257;2;independent;2;3;6;4;2;1;2;2;3;3;2
258;1;Democrat;1;NA;NA;NA;1;1;1;1;2;1;1
259;2;independent;1;NA;NA;NA;1;1;1;1;1;1;1
260;1;Republican;2;NA;NA;NA;3;3;2;2;3;3;1
261;1;independent;1;NA;NA;NA;1;2;2;2;2;1;1
262;2;independent;1;6;4;7;1;1;1;1;2;1;2
263;2;independent;1;NA;NA;NA;1;1;1;1;2;1;1
264;1;Republican;1;NA;NA;NA;1;1;1;1;2;1;2
265;2;Democrat;1;1;1;5;1;2;1;1;2;1;1
266;1;independent;1;NA;NA;NA;1;1;2;1;2;1;1
267;2;Democrat;2;NA;NA;NA;1;1;2;1;2;1;1
268;2;Democrat;2;NA;NA;NA;1;2;2;1;2;1;1
269;2;Democrat;2;1;3;5;1;1;3;1;1;1;1
270;1;Democrat;1;4;4;6;2;1;1;1;1;1;2
271;1;independent;2;1;4;5;NA;NA;NA;1;NA;1;NA
272;1;independent;1;NA;NA;NA;3;1;2;1;1;1;2
273;1;Democrat;2;NA;NA;NA;1;1;2;1;1;1;2
274;1;independent;1;1;4;NA;NA;1;2;NA;1;1;2
275;2;Democrat;2;NA;NA;NA;1;1;1;1;1;1;1
276;1;Democrat;2;NA;NA;NA;2;2;2;1;2;1;2
277;1;independent;2;NA;NA;NA;2;2;2;1;2;1;1
278;2;Democrat;2;1;4;6;1;1;2;1;1;1;1
279;2;Democrat;2;NA;NA;NA;1;1;2;1;1;1;1
280;1;Democrat;2;NA;NA;NA;1;2;2;1;3;1;1
281;1;Democrat;2;NA;NA;NA;2;1;1;2;3;2;2
282;2;Democrat;2;4;3;4;1;2;1;1;1;1;1
283;1;independent;2;NA;NA;NA;1;1;3;1;1;1;1
284;2;Democrat;2;2;5;4;1;1;2;1;2;1;1
285;1;independent;2;NA;NA;NA;1;1;1;2;2;1;1
286;2;Democrat;2;NA;NA;NA;1;1;1;1;2;1;1
287;2;independent;1;NA;NA;NA;1;1;2;1;2;1;2
288;2;Democrat;2;2;1;5;1;1;2;1;2;1;2
289;2;independent;2;NA;NA;NA;2;2;2;1;2;2;1
290;2;Democrat;2;1;3;6;1;1;1;1;2;2;1
291;2;Democrat;2;NA;NA;NA;1;1;2;1;1;2;2
292;2;independent;2;7;5;1;3;1;1;1;3;1;1
293;1;Democrat;1;5;6;4;2;1;1;1;1;1;2
294;1;independent;1;7;3;NA;1;1;3;1;1;1;1
295;2;Republican;2;NA;NA;NA;2;2;2;1;3;2;1
296;2;independent;2;1;1;7;2;2;1;1;2;2;1
297;2;independent;2;2;3;5;1;1;1;1;1;1;1
298;2;Democrat;1;1;1;5;1;1;1;1;1;1;1
299;2;Democrat;2;1;1;6;1;1;1;1;2;1;1
300;2;Democrat;2;1;1;1;1;1;1;1;1;1;1
301;2;independent;2;NA;NA;NA;1;1;1;1;1;1;1
302;1;independent;1;3;4;NA;2;1;1;1;3;1;2
303;2;Republican;2;NA;NA;NA;1;1;1;1;1;1;1
304;2;Democrat;2;4;3;4;1;2;1;1;2;1;2
305;2;Republican;2;7;6;2;2;3;1;1;2;2;1
306;2;Democrat;2;3;2;6;1;1;1;1;2;2;1
307;1;independent;1;7;7;NA;2;1;1;1;3;1;1
308;2;Republican;2;4;5;4;2;2;2;1;2;2;2
309;2;Republican;1;NA;NA;NA;1;2;1;1;3;1;2
310;1;independent;2;3;6;4;1;2;2;1;2;1;2
311;2;Democrat;1;3;3;4;1;1;1;1;2;2;1
312;1;independent;1;1;1;1;1;1;1;1;1;1;1
313;1;independent;1;1;2;6;2;1;1;1;3;1;1
314;2;Democrat;1;NA;NA;NA;1;1;2;1;2;2;1
315;2;independent;1;NA;NA;NA;1;1;1;1;2;2;1
316;2;independent;1;2;3;4;1;2;1;1;2;1;1
317;2;independent;2;NA;NA;NA;1;1;1;1;1;1;1
318;1;independent;2;NA;NA;NA;1;1;3;1;2;1;1
319;2;Democrat;1;2;1;4;1;1;1;1;1;1;1
320;2;independent;2;1;5;5;1;1;2;1;2;1;3
321;2;Democrat;2;2;2;6;1;1;1;1;2;1;1
322;1;Democrat;2;NA;NA;NA;1;1;1;1;1;1;2
323;1;Democrat;2;NA;NA;NA;1;2;2;1;2;1;1
324;1;independent;2;3;6;NA;3;1;1;1;3;3;1
325;1;independent;2;6;4;3;2;1;2;2;2;1;2
326;1;Republican;1;5;5;2;1;2;1;1;3;1;2
327;1;independent;2;NA;NA;NA;2;1;3;1;3;1;2
328;2;Republican;2;NA;NA;NA;2;2;2;1;2;1;1
329;1;Democrat;2;1;3;5;1;1;1;1;1;1;1
330;2;Republican;2;NA;NA;NA;3;2;2;1;2;2;2
331;1;Democrat;2;NA;NA;NA;2;2;2;2;2;2;1
332;2;independent;2;NA;NA;NA;2;2;1;1;3;2;2
333;1;Republican;2;7;7;1;3;3;1;3;3;3;2
334;2;Republican;2;1;2;NA;1;NA;1;1;NA;1;NA
335;1;Democrat;2;NA;NA;NA;1;1;1;1;2;1;1
336;1;independent;2;2;4;6;3;1;3;1;1;2;2
337;2;Republican;2;4;7;3;2;3;1;3;3;2;1
338;1;Republican;2;NA;NA;NA;2;2;1;3;NA;3;2
339;2;Democrat;1;NA;NA;NA;2;1;2;2;1;1;1
340;1;Republican;1;NA;NA;NA;2;3;2;1;3;2;2
341;2;independent;1;1;1;6;1;1;3;1;1;1;1
342;1;Democrat;1;NA;NA;NA;3;2;1;2;3;1;3
343;2;Democrat;2;NA;NA;NA;1;1;2;2;1;2;1
344;2;Democrat;2;NA;NA;NA;1;1;1;1;2;1;1
345;2;Republican;1;5;6;NA;1;1;1;1;2;2;2
346;2;independent;2;NA;NA;NA;2;2;2;1;2;1;NA
347;2;Democrat;1;NA;NA;NA;1;1;1;1;1;2;2
348;1;independent;2;NA;NA;NA;1;2;3;1;2;1;2
349;1;independent;1;NA;NA;NA;2;1;2;1;2;1;1
350;1;independent;2;NA;NA;NA;1;1;2;1;2;1;1
351;1;Democrat;2;2;2;5;1;1;1;1;2;1;2
352;2;independent;2;1;4;7;1;1;1;1;1;2;1
353;2;independent;2;2;5;5;1;2;1;1;2;2;1
354;2;independent;2;NA;5;NA;2;2;2;1;3;1;1
355;1;Democrat;2;1;4;7;2;2;2;1;3;1;2
356;1;Republican;2;NA;NA;NA;1;3;1;3;1;1;1
357;2;Republican;2;7;7;2;2;1;1;1;2;2;2
358;1;independent;1;4;5;5;1;1;2;1;2;1;1
359;2;independent;2;7;1;6;1;1;2;1;2;1;1
360;1;Democrat;1;NA;NA;NA;1;2;2;1;2;2;1
361;1;independent;2;1;5;6;1;2;1;2;2;2;2
362;1;independent;1;NA;NA;NA;1;2;1;1;3;3;1
363;2;independent;2;NA;NA;NA;2;2;2;1;2;2;1
364;2;Democrat;2;6;4;6;1;2;1;1;3;1;1
365;2;independent;1;1;1;6;1;1;1;1;2;1;2
366;1;independent;2;7;7;2;2;2;1;2;3;2;1
367;1;Republican;1;NA;NA;NA;1;1;1;1;3;1;1
368;2;Democrat;2;NA;NA;NA;1;1;1;1;1;1;1
369;2;Democrat;1;NA;1;6;1;2;2;1;2;1;1
370;2;Democrat;1;4;3;4;1;1;1;1;2;1;1
371;2;independent;1;1;6;4;NA;NA;1;1;1;1;1
372;1;independent;1;2;5;7;2;1;1;1;3;2;1
373;1;Republican;1;7;7;1;2;2;2;3;2;2;2
374;1;Democrat;2;NA;NA;NA;1;1;2;1;1;1;2
375;1;independent;2;3;5;5;1;1;1;1;2;1;1
376;1;independent;2;NA;NA;NA;1;1;1;1;1;1;1
377;1;independent;1;NA;NA;NA;1;1;2;1;2;1;1
378;2;independent;1;NA;NA;NA;2;2;2;2;2;2;2
379;2;Democrat;1;NA;NA;NA;1;1;1;1;2;1;1
380;2;independent;2;4;5;2;2;2;1;2;2;2;2
381;2;Democrat;2;NA;NA;NA;2;2;2;1;2;2;2
382;2;Democrat;1;2;1;7;1;1;2;1;1;1;1
383;1;Democrat;1;1;1;4;2;1;2;1;2;2;1
384;1;Democrat;1;NA;NA;NA;2;1;2;1;2;2;1
385;2;independent;2;3;4;6;1;1;2;1;2;1;1
386;2;Democrat;2;1;2;6;1;1;2;1;1;1;1
387;2;independent;2;NA;NA;NA;1;1;3;1;2;3;1
388;2;Democrat;1;NA;NA;NA;2;2;2;3;2;2;1
389;1;Republican;1;NA;NA;NA;1;1;1;1;1;1;1
390;2;Democrat;2;NA;NA;NA;1;1;1;1;2;1;1
391;1;Democrat;2;NA;NA;NA;1;1;1;1;2;1;2
392;2;independent;2;NA;NA;NA;1;2;2;1;2;1;3
393;2;Democrat;2;5;2;5;1;NA;2;1;1;2;1
394;2;independent;1;6;NA;5;2;2;2;1;2;2;1
395;1;independent;2;4;4;4;NA;NA;NA;NA;NA;NA;NA
396;1;Democrat;2;NA;NA;NA;1;1;2;1;2;1;2
397;1;independent;2;NA;7;1;3;3;3;3;3;3;NA
398;1;independent;1;NA;NA;NA;1;1;2;2;1;2;1
399;2;independent;2;NA;NA;NA;NA;NA;NA;1;3;NA;NA
400;1;independent;2;NA;NA;NA;2;2;1;1;3;1;1
401;1;independent;2;3;6;2;2;1;2;1;2;1;1
402;1;independent;2;1;4;5;1;1;2;1;1;1;1
403;2;independent;2;2;6;6;1;1;2;1;2;1;1
404;2;Democrat;2;NA;NA;NA;1;1;2;1;1;1;1
405;2;Democrat;1;4;NA;5;1;3;1;1;2;1;1
406;2;independent;2;NA;NA;NA;3;3;1;1;3;2;1
407;2;independent;1;1;1;7;1;2;1;1;2;1;2
408;2;independent;1;NA;NA;NA;1;1;1;1;1;1;2
409;1;independent;1;NA;NA;NA;1;1;1;1;1;1;1
410;1;independent;1;NA;NA;NA;1;1;1;1;1;1;1
411;2;Republican;2;NA;NA;NA;1;1;1;1;2;1;1
412;2;independent;2;NA;NA;NA;3;NA;1;1;3;3;2
413;1;independent;2;2;3;4;1;2;2;1;1;2;1
414;1;Republican;2;NA;NA;NA;2;2;2;2;2;1;1
415;2;Republican;2;NA;NA;NA;2;2;2;1;3;3;1
416;1;independent;2;NA;NA;NA;2;2;2;1;2;1;1
417;1;independent;1;2;6;4;1;1;1;1;2;1;1
418;1;Republican;2;5;6;3;2;2;1;2;3;1;2
419;1;independent;2;NA;NA;NA;2;1;2;1;3;1;2
420;1;Republican;1;NA;NA;NA;1;1;1;1;1;1;1
421;2;Democrat;2;NA;NA;NA;1;1;2;1;2;1;2
422;2;Republican;2;NA;NA;NA;1;2;1;1;2;1;1
423;1;Democrat;2;1;5;7;1;1;3;1;1;1;1
424;1;independent;2;NA;NA;NA;1;1;1;1;1;1;1
425;1;Republican;2;2;2;5;1;1;1;2;1;1;1
426;2;Democrat;2;NA;NA;NA;2;2;1;1;2;1;1
427;1;Republican;1;4;7;NA;3;1;1;1;3;3;1
428;2;Democrat;1;NA;NA;NA;1;2;1;1;3;1;1
429;2;independent;1;3;5;5;1;1;1;1;1;1;1
430;2;Democrat;1;NA;NA;NA;1;1;1;1;2;1;1
431;2;independent;2;NA;NA;NA;1;1;1;1;3;1;1
432;2;independent;2;NA;NA;NA;1;1;1;1;1;1;1
433;1;independent;1;NA;NA;NA;2;2;2;2;2;NA;2
434;2;Democrat;2;NA;NA;4;2;1;1;1;2;1;1
435;1;independent;1;NA;4;NA;1;1;1;1;1;1;1
436;2;Democrat;1;1;6;3;1;1;1;1;3;1;1
437;2;Republican;2;NA;NA;NA;1;3;2;1;2;2;1
438;2;Democrat;2;NA;NA;NA;1;1;1;1;1;1;1
439;2;independent;1;NA;NA;NA;2;1;2;1;1;2;2
440;2;Democrat;2;4;3;3;1;1;1;1;1;1;1
441;2;Democrat;2;2;4;5;1;1;1;1;1;1;1
442;1;Democrat;1;NA;NA;NA;1;1;1;1;1;1;1
443;2;Democrat;2;1;1;7;1;1;1;1;1;1;1
444;2;independent;2;NA;NA;NA;2;1;2;1;2;1;2
445;1;independent;2;NA;NA;NA;2;2;2;1;2;1;1
446;2;Democrat;2;NA;NA;NA;1;2;1;1;2;1;2
447;2;Republican;1;NA;NA;NA;1;1;1;1;2;1;1
448;2;Democrat;2;1;3;NA;2;1;1;2;2;2;2
449;1;independent;1;NA;NA;NA;1;1;1;1;2;1;1
450;2;Democrat;1;1;1;7;1;2;1;1;1;1;1
451;2;Democrat;1;NA;NA;NA;2;1;2;1;2;1;1
452;1;independent;1;4;5;5;2;1;1;1;2;2;1
453;2;independent;1;1;1;5;1;1;1;1;1;3;1
454;1;independent;1;NA;NA;NA;1;1;1;1;2;1;NA
455;1;independent;2;NA;NA;NA;2;1;1;1;2;1;2
456;1;independent;1;NA;NA;NA;1;1;1;1;1;1;2
457;2;Democrat;2;NA;NA;NA;1;1;1;1;1;1;1
458;2;Democrat;1;1;1;NA;1;1;1;1;1;2;1
459;2;Democrat;1;NA;NA;NA;1;1;1;1;NA;1;NA
460;1;Democrat;1;5;4;4;1;1;1;1;1;1;1
461;1;Democrat;1;NA;NA;NA;1;1;1;1;2;1;1
462;2;Democrat;1;NA;NA;NA;1;1;2;1;1;1;2
463;1;Democrat;1;NA;NA;NA;2;2;1;2;3;1;NA
464;2;Democrat;2;1;4;4;1;1;2;1;2;1;1
465;1;independent;2;NA;NA;NA;1;1;2;1;2;1;2
466;2;Democrat;1;NA;NA;NA;1;1;1;1;2;2;1
467;2;independent;2;NA;NA;NA;1;3;1;1;1;1;1
468;1;independent;2;1;3;6;1;1;2;1;1;2;1
469;2;independent;1;1;1;5;1;1;1;1;1;1;2
470;2;Democrat;1;6;7;5;1;1;1;1;1;1;1
471;1;Democrat;1;NA;NA;NA;1;2;1;1;2;1;1
472;1;Democrat;1;NA;NA;NA;1;1;3;1;2;1;1
473;2;independent;1;5;7;5;2;NA;1;1;3;1;1
474;1;independent;1;NA;NA;NA;1;1;3;1;3;2;2
475;2;Democrat;1;NA;NA;NA;1;1;3;1;1;1;1
476;1;Democrat;1;NA;NA;NA;1;1;1;1;1;1;1
477;1;Democrat;1;NA;NA;NA;1;1;1;1;3;1;1
478;2;Democrat;1;NA;NA;NA;1;1;1;1;1;1;1
479;1;independent;2;NA;NA;NA;1;2;2;2;2;1;2
480;1;Democrat;1;NA;4;NA;1;1;2;1;1;1;1
481;2;Democrat;1;NA;NA;NA;2;1;1;1;2;2;1
482;2;Democrat;2;1;1;6;1;1;1;1;3;1;1
483;2;independent;2;2;2;4;1;1;1;1;3;1;1
484;1;Democrat;2;NA;NA;NA;2;2;2;2;2;2;2
485;2;Democrat;1;NA;NA;NA;1;1;1;1;2;1;1
486;2;Democrat;1;NA;NA;NA;2;2;1;2;2;1;2
487;2;independent;1;NA;3;5;2;2;1;1;2;1;2
488;2;independent;1;NA;NA;NA;1;1;3;1;1;1;1
489;2;Democrat;1;NA;NA;NA;2;2;2;2;1;2;2
490;2;independent;1;1;1;7;2;2;2;1;2;1;2
491;2;Democrat;2;NA;NA;NA;1;1;1;1;3;1;1
492;2;Democrat;1;4;NA;NA;1;2;1;1;2;1;2
493;1;Democrat;1;NA;NA;NA;1;1;1;1;2;1;1
494;1;Democrat;1;3;7;NA;1;1;1;1;2;2;2
495;2;Democrat;1;NA;NA;NA;1;2;1;2;3;2;2
496;1;Republican;1;7;7;6;1;1;1;1;2;1;1
497;2;independent;2;4;4;4;1;2;2;1;3;1;1
498;1;Democrat;1;1;1;7;1;1;1;1;1;1;1
499;1;independent;1;5;7;7;2;1;1;1;3;2;1
500;1;Democrat;1;1;3;5;1;2;1;1;1;2;1
501;2;Democrat;2;NA;NA;NA;1;1;1;1;2;1;1
502;2;Democrat;2;NA;NA;NA;1;1;1;1;1;1;1
503;1;Republican;2;1;7;1;2;3;3;2;3;2;2
504;2;Democrat;2;2;2;6;1;2;2;1;2;1;1
505;2;independent;2;NA;NA;NA;1;1;1;1;2;1;1
506;2;independent;2;5;6;2;2;2;1;1;3;2;2
507;1;independent;2;NA;NA;NA;1;1;1;1;2;1;1
508;2;independent;2;5;6;4;2;1;1;2;2;2;1
509;2;Democrat;2;4;5;6;1;2;2;1;1;2;1
510;1;Democrat;2;NA;NA;NA;2;2;2;3;3;1;1
511;2;independent;1;NA;NA;NA;2;2;1;1;2;2;2
512;2;Democrat;2;NA;NA;NA;1;1;1;1;3;1;1
513;2;independent;1;7;5;4;2;1;1;1;2;1;1
514;2;Republican;2;NA;NA;NA;2;1;1;1;3;1;1
515;1;Democrat;2;1;6;6;1;1;1;1;2;1;1
516;1;Democrat;2;NA;NA;NA;1;1;2;1;2;2;2
517;2;independent;2;1;4;2;1;1;1;1;1;1;1
518;2;independent;1;1;1;7;1;1;1;1;2;1;1
519;2;independent;1;6;5;4;2;2;1;1;3;1;1
520;2;independent;2;NA;NA;NA;2;2;1;1;3;3;1
521;1;Democrat;1;NA;NA;NA;3;2;2;1;3;2;2
522;2;Democrat;1;1;3;NA;2;NA;2;2;3;2;1
523;1;Republican;1;5;6;5;2;2;1;2;2;1;2
524;2;Republican;1;4;4;4;1;1;1;1;2;1;1
525;2;Republican;1;5;7;1;2;2;2;2;2;3;2
526;1;Republican;2;7;4;3;1;1;1;1;2;2;1
527;2;Republican;1;NA;NA;NA;3;3;2;3;3;3;2
528;2;Democrat;2;5;NA;NA;1;2;NA;1;2;1;1
529;2;independent;2;NA;NA;NA;1;2;1;1;3;2;2
530;2;independent;2;1;5;7;1;1;1;1;3;1;1
531;1;independent;1;2;NA;6;1;1;2;1;2;1;1
532;1;Republican;2;NA;NA;NA;2;2;1;1;2;1;1
533;2;independent;2;NA;4;5;1;1;2;1;2;1;2
534;1;independent;1;4;5;4;2;2;1;1;2;1;1
535;2;Republican;2;2;3;4;2;1;1;1;2;1;1
536;2;independent;1;2;1;2;NA;NA;1;1;3;1;1
537;2;Democrat;2;5;4;5;1;1;1;1;3;1;1
538;2;Democrat;2;4;7;NA;1;1;1;1;3;NA;1
539;1;Republican;1;3;4;7;1;2;1;1;3;2;1
540;2;Republican;2;NA;NA;NA;1;1;1;1;1;1;1
541;2;independent;2;1;4;NA;1;1;1;1;1;1;1
542;2;Democrat;2;NA;NA;NA;1;1;1;1;1;1;1
543;2;independent;1;5;NA;7;1;1;1;1;2;1;1
544;2;Republican;2;4;6;4;2;2;1;1;3;1;1
545;1;Republican;1;NA;NA;NA;1;1;1;1;3;2;1
546;2;independent;1;NA;NA;NA;1;1;1;1;2;1;1
547;2;independent;1;NA;NA;NA;1;1;1;1;1;1;1
548;2;independent;1;NA;NA;NA;1;2;1;1;3;1;1
549;1;Republican;1;7;7;1;2;2;1;1;3;2;2
550;1;Republican;2;7;7;2;2;3;1;2;3;3;3
551;2;Democrat;2;1;NA;7;1;1;1;1;2;1;2
552;1;Republican;1;7;7;4;2;2;1;1;3;2;1
553;1;Democrat;2;NA;NA;NA;1;1;1;1;2;1;1
554;1;independent;1;NA;7;NA;NA;1;1;1;2;1;1
555;2;Republican;2;NA;NA;NA;2;3;2;2;2;2;2
556;2;independent;2;4;1;5;1;2;1;1;2;1;1
557;1;Republican;1;6;6;1;2;2;2;1;3;3;1
558;1;independent;2;NA;NA;NA;2;1;2;2;1;1;2
559;2;Democrat;2;NA;NA;NA;1;1;1;1;2;1;1
560;1;Republican;1;NA;NA;NA;1;1;1;1;2;1;1
561;1;Democrat;2;NA;5;2;3;NA;2;1;3;1;3
562;2;Democrat;2;1;6;5;2;2;2;1;2;1;1
563;2;independent;2;6;5;6;2;2;1;1;2;1;1
564;1;Democrat;1;7;5;5;2;2;1;1;2;3;1
565;1;Democrat;1;1;1;6;2;1;3;1;1;1;1
566;1;independent;1;NA;NA;NA;1;1;1;1;2;1;1
567;2;independent;2;1;1;NA;1;1;1;1;1;1;1
568;2;Democrat;2;NA;NA;NA;1;1;1;1;2;1;2
569;2;Democrat;1;NA;NA;NA;1;1;1;1;1;2;1
570;2;Democrat;2;3;2;3;2;1;1;1;2;1;1
571;2;Democrat;1;NA;NA;NA;1;1;1;1;1;2;1
572;1;Republican;1;4;4;4;1;1;1;1;2;1;1
573;1;independent;1;NA;NA;NA;1;1;1;1;2;1;1
574;2;Democrat;2;NA;NA;NA;1;1;2;2;1;1;1
575;2;Republican;1;2;3;NA;1;1;1;1;1;1;1
576;1;Democrat;1;NA;NA;NA;1;1;1;1;1;1;1
577;2;Democrat;2;NA;NA;NA;1;1;3;1;2;2;1
578;2;Democrat;1;3;2;7;1;1;2;1;1;2;1
579;1;independent;1;NA;3;5;1;1;1;1;1;2;1
580;2;independent;1;NA;NA;NA;1;1;1;1;1;1;1
581;2;Republican;2;5;6;3;1;2;2;2;3;2;1
582;1;independent;1;NA;NA;NA;1;1;1;1;2;1;1
583;2;Democrat;1;NA;1;7;1;1;1;1;1;1;1
584;1;independent;2;NA;NA;NA;1;NA;2;NA;2;1;1
585;2;independent;2;4;5;4;2;2;2;2;3;2;2
586;2;Democrat;1;1;4;5;1;2;1;1;2;2;2
587;2;Republican;2;3;4;5;1;1;1;1;3;3;2
588;2;Democrat;2;NA;NA;NA;2;1;1;2;3;1;2
589;2;Republican;2;NA;NA;NA;1;2;1;1;3;2;1
590;2;independent;2;3;4;4;1;2;1;1;1;2;1
591;2;independent;2;2;3;6;1;1;1;1;2;1;1
592;1;Republican;2;NA;NA;NA;1;2;1;1;1;2;1
593;2;independent;2;NA;NA;NA;1;1;1;1;2;1;1
594;2;independent;2;NA;NA;NA;1;2;1;1;2;1;2
595;2;Republican;1;1;6;NA;2;1;1;1;2;1;1
596;2;Democrat;1;NA;NA;NA;2;1;1;1;1;1;1
597;1;Republican;1;1;1;1;1;1;3;1;1;2;2
598;2;Republican;2;NA;NA;NA;2;1;1;1;3;1;1
599;2;Republican;2;NA;NA;NA;2;1;1;1;3;1;1
600;2;Democrat;2;NA;NA;NA;1;1;1;1;1;2;1
601;2;Republican;1;NA;NA;NA;1;1;3;1;1;2;2
602;1;Republican;1;7;3;6;3;2;1;2;1;2;1
603;1;independent;1;NA;NA;NA;1;1;1;NA;2;2;2
604;2;Republican;1;1;1;7;1;1;2;1;1;2;1
605;2;Democrat;1;1;1;7;1;1;1;1;1;1;1
606;2;independent;1;1;3;6;1;2;1;2;2;1;NA
607;1;Republican;2;NA;NA;NA;1;1;1;2;1;1;1
608;1;Democrat;1;NA;NA;NA;1;1;1;1;1;1;1
609;1;Republican;2;NA;NA;NA;2;2;1;2;3;3;2
610;1;Democrat;2;4;4;4;1;1;1;1;1;1;1
611;2;independent;2;NA;NA;NA;1;1;1;1;2;1;2
612;1;independent;2;3;3;5;1;2;2;1;2;1;1
613;1;Republican;2;NA;NA;NA;1;1;1;1;1;1;1
614;1;independent;2;NA;NA;NA;2;2;2;1;2;2;2
615;1;Republican;2;NA;NA;NA;2;2;1;1;2;1;1
616;2;independent;2;NA;NA;NA;1;1;1;1;1;1;1
617;2;Republican;2;1;3;6;1;1;1;1;2;2;1
618;2;Democrat;2;1;3;5;1;1;1;1;1;1;1
619;1;Democrat;2;2;1;2;1;1;1;1;1;1;1
620;2;Republican;1;NA;NA;NA;1;1;1;1;1;1;1
621;1;Republican;1;5;1;7;1;1;1;1;1;1;2
622;2;independent;1;NA;NA;NA;1;2;2;1;2;1;1
623;1;independent;2;NA;NA;NA;2;1;1;1;1;1;1
624;1;independent;2;NA;NA;NA;1;1;1;1;3;1;1
625;2;Democrat;1;NA;5;6;1;1;3;1;3;1;1
626;2;Republican;2;5;7;1;2;2;2;2;3;2;2
627;2;Republican;1;NA;NA;NA;1;2;1;1;2;2;1
628;1;independent;1;3;5;5;2;1;2;2;2;1;2
629;1;Republican;1;7;7;5;2;2;1;1;3;1;2
630;1;independent;1;NA;NA;NA;1;1;1;1;2;1;2
631;1;independent;2;4;4;3;2;1;2;1;3;1;2
632;1;Republican;2;6;3;4;1;2;3;2;2;1;1
633;2;Democrat;1;NA;NA;NA;1;1;1;3;2;2;1
634;1;independent;1;NA;NA;NA;1;1;1;1;1;1;1
635;2;independent;1;1;1;4;1;1;2;1;3;1;1
636;2;Democrat;1;NA;NA;NA;2;2;2;1;2;2;2
637;1;independent;2;1;6;2;2;1;2;1;2;2;1
638;1;Democrat;1;4;NA;4;1;2;1;2;3;2;1
639;1;independent;2;NA;NA;NA;1;2;2;1;1;1;2
640;2;Democrat;1;4;NA;3;1;1;1;1;3;1;1
641;2;independent;1;NA;NA;NA;1;1;2;1;3;1;1
642;1;independent;2;NA;5;7;1;1;1;1;3;1;1
643;1;independent;1;NA;NA;NA;1;2;1;1;3;1;1
644;1;independent;1;NA;NA;NA;1;1;2;2;2;1;2
645;1;Republican;1;NA;NA;NA;1;1;1;1;2;1;1
646;1;independent;1;NA;3;5;2;2;1;2;2;1;2
647;2;Republican;2;5;5;3;2;2;2;1;2;2;2
648;1;Republican;1;NA;NA;NA;2;1;1;1;3;3;1
649;2;Republican;2;5;5;5;1;1;1;1;1;2;1
650;2;independent;2;7;4;7;1;2;1;1;1;2;2
651;2;independent;1;NA;NA;NA;2;2;1;2;2;1;2
652;1;independent;1;NA;NA;NA;1;1;1;1;3;1;1
653;1;Democrat;1;NA;NA;NA;1;1;1;1;2;2;1
654;1;independent;2;7;7;6;3;3;2;2;3;2;2
655;2;Democrat;2;3;2;5;1;1;1;1;1;1;2
656;1;independent;1;NA;NA;NA;1;1;1;1;3;1;1
657;2;Democrat;2;7;3;6;1;2;2;1;2;2;1
658;1;Republican;2;3;5;2;2;1;2;1;2;1;2
659;1;Republican;2;NA;NA;NA;2;2;1;1;2;2;2
660;1;independent;2;3;4;5;1;1;2;1;2;1;1
661;1;Republican;2;4;6;4;2;1;3;1;2;3;1
662;2;independent;2;3;2;4;1;1;1;2;3;2;1
663;1;Republican;2;NA;NA;NA;2;1;2;1;2;2;2
664;2;Republican;2;NA;NA;NA;2;2;2;1;3;1;1
665;1;Republican;2;7;7;1;3;2;2;3;3;3;2
666;2;independent;2;6;6;7;2;1;1;1;1;1;1
667;2;independent;2;NA;NA;NA;1;1;1;1;1;1;1
668;2;Republican;2;3;4;5;2;1;NA;1;3;1;1
669;1;Republican;2;NA;NA;NA;2;3;2;3;3;1;2
670;2;independent;2;2;2;NA;1;1;2;1;3;2;1
671;1;Republican;1;NA;5;1;1;1;1;1;2;1;3
672;2;Democrat;2;NA;NA;NA;1;1;1;1;1;1;1
673;2;independent;2;NA;NA;NA;2;1;1;1;2;1;1
674;1;Republican;2;NA;NA;NA;2;1;2;1;3;3;1
675;2;Republican;2;5;5;4;2;1;2;2;2;2;1
676;1;Democrat;2;1;3;5;1;1;1;1;1;1;1
677;2;Democrat;1;NA;NA;NA;1;1;1;1;2;1;1
678;1;Republican;1;NA;NA;NA;2;1;1;1;3;2;2
679;2;Republican;1;NA;NA;NA;2;1;1;1;2;1;1
680;1;independent;2;2;3;4;1;1;1;1;3;1;1
681;1;Republican;1;5;4;5;1;3;3;2;3;2;2
682;1;independent;2;1;5;4;2;1;2;1;2;2;1
683;1;independent;2;3;4;NA;2;2;2;1;2;2;2
684;2;Republican;2;4;6;3;3;3;2;3;3;2;NA
685;1;Democrat;2;5;5;2;NA;2;2;2;1;1;2
686;2;Democrat;2;NA;NA;NA;1;1;1;1;1;1;2
687;2;independent;1;7;1;7;1;2;1;1;3;1;1
688;1;Democrat;2;NA;NA;NA;1;1;1;1;2;1;1
689;2;Democrat;1;1;1;NA;1;1;3;1;1;1;1
690;1;independent;2;NA;NA;NA;2;1;1;1;1;1;1
691;2;Democrat;1;NA;NA;NA;1;1;1;1;2;1;1
692;1;independent;1;7;5;NA;2;1;3;1;1;2;1
693;1;independent;2;4;2;4;2;2;2;1;2;1;2
694;2;Republican;1;3;2;4;1;1;1;1;1;1;1
695;1;independent;2;6;5;4;1;1;2;1;2;1;1
696;1;Democrat;2;4;3;3;2;1;1;1;3;1;1
697;1;Democrat;2;2;1;3;1;2;1;1;3;2;1
698;1;Democrat;2;3;3;6;1;1;1;1;1;1;1
699;1;Democrat;1;NA;2;4;1;1;1;1;1;1;2
700;2;Democrat;1;NA;NA;NA;1;1;1;1;2;1;1
701;2;Democrat;2;NA;NA;NA;2;2;NA;1;2;1;1
702;2;Democrat;1;NA;NA;NA;1;1;1;1;1;1;2
703;2;independent;2;7;7;1;2;2;2;1;3;2;2
704;2;Democrat;2;1;1;7;1;1;1;1;2;1;1
705;1;Democrat;2;NA;NA;NA;1;1;1;1;2;1;2
706;1;Democrat;2;3;4;7;1;1;1;1;2;1;1
707;1;Democrat;1;NA;NA;NA;1;1;1;1;1;1;1
708;1;independent;2;1;2;6;1;1;1;1;1;1;1
709;2;independent;2;NA;NA;NA;1;1;2;1;1;1;1
710;1;independent;1;NA;NA;NA;1;1;1;1;3;1;2
711;1;independent;2;NA;NA;NA;2;1;1;1;2;1;1
712;1;independent;2;NA;NA;NA;1;1;1;1;2;1;1
713;2;Democrat;2;6;5;5;2;1;1;2;2;2;1
714;2;Republican;1;NA;NA;NA;NA;2;1;2;2;1;2
715;1;independent;1;NA;NA;NA;1;1;1;2;3;2;1
716;2;Democrat;1;4;1;NA;1;1;1;2;1;1;1
717;2;Republican;1;NA;NA;NA;1;1;1;1;2;1;2
718;1;independent;1;NA;NA;NA;1;1;1;1;3;2;1
719;1;independent;1;6;7;NA;1;1;1;2;2;2;1
720;2;independent;1;5;5;4;1;2;2;2;3;2;1
721;2;independent;1;2;3;5;1;2;1;2;3;1;1
722;2;Republican;2;7;7;1;2;3;1;2;3;3;3
723;2;Democrat;2;1;1;3;1;1;1;1;1;1;1
724;1;independent;1;NA;NA;NA;2;1;1;1;2;1;1
725;1;independent;1;NA;NA;NA;1;1;1;1;2;1;1
726;2;independent;2;NA;NA;NA;1;2;1;1;3;1;2
727;2;Republican;2;2;NA;4;3;3;2;1;3;1;1
728;1;independent;2;4;6;7;2;2;1;1;3;2;2
729;1;Republican;1;7;7;4;1;1;1;1;2;1;1
730;1;independent;1;NA;NA;NA;1;1;1;1;1;2;1
731;2;Democrat;1;6;4;7;1;2;1;1;2;2;1
732;2;Democrat;2;2;2;5;1;1;1;1;1;1;1
733;1;Republican;2;7;7;3;1;2;1;1;3;1;1
734;2;independent;1;NA;NA;NA;1;1;1;1;3;1;1
735;2;Republican;2;NA;NA;NA;3;3;1;3;3;3;2
736;2;independent;2;NA;NA;NA;3;1;2;1;3;1;2
737;2;independent;2;NA;NA;NA;1;1;1;1;1;2;1
738;1;independent;1;NA;NA;NA;1;1;1;1;3;2;1
739;2;Democrat;1;1;1;7;3;3;1;1;3;2;1
740;1;independent;2;NA;NA;NA;1;3;1;1;3;1;1
741;1;Democrat;1;NA;NA;NA;1;1;1;1;3;1;1
742;1;independent;2;NA;NA;NA;1;1;2;1;2;2;2
743;2;independent;1;NA;NA;NA;3;1;1;1;1;1;1
744;2;Democrat;1;4;4;6;1;2;1;1;2;1;1
745;2;Democrat;2;NA;NA;NA;1;1;1;1;1;1;1
746;2;Democrat;1;4;4;5;1;1;1;3;2;1;2
747;1;Democrat;1;4;1;7;1;1;1;2;2;1;1
748;2;Democrat;2;1;1;7;1;1;1;1;1;1;1
749;1;Democrat;2;NA;NA;7;1;1;1;1;1;1;1
750;2;independent;1;4;2;6;1;1;1;1;1;1;1
751;1;Republican;1;5;5;5;1;1;1;1;1;1;1
752;2;Democrat;1;NA;NA;NA;2;2;1;2;2;2;2
753;1;Democrat;2;2;4;7;1;1;1;1;2;1;1
754;1;Democrat;1;NA;1;NA;1;1;2;1;1;2;1
755;1;Democrat;1;NA;NA;NA;1;1;1;1;1;1;1
756;2;Democrat;1;7;1;3;2;1;1;1;1;1;1
757;2;Democrat;1;NA;NA;NA;1;1;1;1;1;1;1
758;2;independent;2;5;3;NA;1;1;1;1;3;1;1
759;1;Democrat;2;2;3;6;1;1;1;1;2;1;1
760;2;Democrat;2;1;1;4;1;1;1;1;2;1;1
761;2;Democrat;2;1;4;NA;1;2;1;1;1;2;2
762;2;Democrat;2;NA;NA;NA;1;1;2;1;1;1;2
763;1;Democrat;2;NA;NA;NA;1;2;1;1;2;1;1
764;1;Democrat;2;3;NA;4;2;1;3;3;3;2;1
765;1;independent;2;1;7;3;1;NA;1;1;3;1;1
766;1;Democrat;1;5;5;4;1;1;1;1;1;2;1
767;1;Democrat;2;2;4;6;1;1;1;1;2;1;1
768;2;Democrat;2;1;1;7;1;1;NA;1;1;2;1
769;2;Democrat;2;NA;NA;NA;1;1;3;2;2;1;1
770;1;Democrat;2;1;NA;7;1;1;1;2;3;1;1
771;2;Democrat;2;NA;NA;NA;1;1;1;1;1;1;1
772;1;independent;2;NA;NA;NA;1;1;1;1;3;2;1
773;1;Democrat;1;NA;NA;NA;1;1;1;1;2;2;1
774;2;independent;2;NA;NA;NA;1;2;1;2;2;2;1
775;1;independent;1;NA;NA;NA;1;1;1;2;3;1;1
776;1;independent;1;2;3;NA;3;1;1;1;3;1;1
777;2;Democrat;1;NA;NA;NA;1;3;1;1;3;1;1
778;2;Democrat;1;NA;4;NA;1;1;2;2;1;1;1
779;2;independent;2;NA;NA;NA;NA;1;1;1;NA;1;NA
780;1;Republican;1;3;3;2;3;1;2;3;3;1;2
781;2;Democrat;1;1;1;7;1;1;1;1;1;1;1
782;1;independent;2;NA;NA;NA;1;1;2;1;3;1;1
783;2;Democrat;1;NA;NA;NA;1;1;1;1;1;1;1
784;2;Democrat;2;3;4;5;1;1;1;1;1;1;1
785;1;Democrat;1;5;7;5;1;1;1;2;2;1;1
786;1;Democrat;1;NA;NA;NA;2;2;2;1;2;2;2
787;2;Republican;2;NA;NA;NA;1;2;1;2;2;2;2
788;2;Democrat;2;2;3;5;2;2;2;1;2;1;2
789;1;independent;1;3;3;5;1;1;1;2;2;2;1
790;2;independent;2;1;1;7;1;1;2;1;1;2;1
791;1;Republican;1;NA;NA;NA;2;2;1;2;3;2;1
792;1;Democrat;1;5;7;NA;1;1;1;1;3;1;1
793;2;independent;1;2;NA;NA;1;1;1;1;2;1;1
794;2;Democrat;1;NA;NA;NA;1;1;1;1;1;1;1
795;2;independent;1;NA;NA;7;1;2;1;2;2;2;1
796;2;independent;1;NA;NA;NA;1;2;1;1;3;1;1
797;1;Republican;1;NA;NA;NA;1;2;2;2;2;2;1
798;1;Democrat;1;7;NA;7;1;2;1;1;2;2;1
799;2;Democrat;1;NA;NA;NA;1;1;1;1;2;1;2
800;1;independent;1;NA;6;NA;1;1;1;1;1;1;1
801;2;independent;1;NA;NA;NA;1;1;3;1;2;1;1
802;1;Democrat;2;NA;NA;NA;1;1;2;1;1;1;1
803;1;Democrat;1;NA;NA;NA;1;1;1;1;1;1;1
804;2;Democrat;2;4;4;4;1;2;1;1;2;1;1
805;1;independent;1;1;1;7;1;1;1;1;1;1;1
806;1;Democrat;2;NA;NA;NA;1;2;1;1;2;1;1
807;1;Democrat;2;NA;NA;NA;1;1;1;1;3;1;1
808;1;independent;2;1;7;3;1;2;2;1;1;1;2
809;2;Democrat;2;NA;NA;NA;2;NA;1;1;2;2;1
810;1;Democrat;1;2;1;5;2;1;1;1;1;1;1
811;1;independent;1;NA;NA;NA;1;2;2;2;1;2;1
812;2;independent;2;5;5;5;1;1;1;1;2;1;1
813;2;Democrat;1;NA;NA;NA;1;1;1;1;3;3;1
814;2;Democrat;1;NA;NA;NA;1;1;1;1;2;1;1
815;1;independent;1;NA;NA;NA;1;1;1;1;1;1;1
816;2;Democrat;1;NA;NA;NA;1;1;1;1;1;1;1
817;1;Democrat;1;7;2;NA;1;1;1;1;2;2;1
818;1;independent;1;NA;NA;NA;1;1;1;2;1;3;1
819;1;independent;1;4;2;5;1;1;1;1;1;1;1
820;2;independent;1;5;4;4;2;2;1;2;2;1;2
821;1;Democrat;1;NA;NA;NA;1;1;1;1;3;2;NA
822;2;independent;1;NA;NA;NA;1;1;1;1;2;1;1
823;2;Republican;1;7;7;1;2;3;2;3;3;3;2
824;2;Republican;2;NA;NA;NA;2;2;1;1;3;2;2
825;2;Republican;1;6;1;NA;1;1;2;2;1;1;1
826;2;Democrat;1;NA;NA;NA;1;1;1;1;1;2;1
827;1;Democrat;1;1;NA;5;1;1;1;1;2;1;1
828;2;Democrat;1;NA;NA;NA;1;1;1;3;1;2;1
829;1;independent;1;2;3;4;1;1;1;2;1;1;1
830;1;independent;2;NA;NA;NA;1;2;1;2;2;1;1
831;2;Republican;2;NA;6;4;2;NA;1;2;3;2;2
832;1;independent;1;NA;NA;NA;2;1;1;1;2;2;1
833;2;Democrat;1;NA;NA;NA;1;1;1;2;2;2;2
834;2;Democrat;2;7;3;5;1;1;1;2;1;1;1
835;1;independent;1;7;7;4;2;2;2;1;3;3;2
836;1;independent;2;NA;NA;NA;1;NA;1;1;1;2;1
837;2;independent;2;NA;NA;NA;1;1;1;1;2;1;1
838;1;independent;1;NA;NA;NA;1;1;2;1;1;2;2
839;1;independent;1;NA;NA;NA;1;1;1;1;2;1;1
840;1;Republican;2;3;3;4;1;1;1;1;2;1;2
841;1;independent;1;1;6;5;2;1;2;1;2;1;1
842;1;independent;2;6;6;2;2;2;2;2;2;3;2
843;2;Republican;2;NA;NA;NA;1;1;1;1;1;1;1
844;2;Republican;2;6;5;2;3;3;1;1;3;1;2
845;2;independent;2;4;6;3;1;2;2;1;3;2;1
846;2;independent;2;4;6;3;3;2;1;2;3;2;1
847;1;Republican;2;NA;NA;NA;3;3;1;3;3;2;2
848;2;Democrat;1;2;6;2;2;2;1;1;2;1;1
849;2;Republican;2;NA;NA;NA;2;2;2;2;3;2;2
850;1;independent;2;NA;NA;NA;1;1;1;1;1;1;1
851;1;independent;2;3;4;5;2;1;1;1;2;1;1
852;1;Democrat;1;4;1;7;1;1;1;1;2;1;1
853;2;Republican;2;NA;NA;NA;2;2;2;3;3;3;3
854;2;Democrat;1;3;4;5;1;1;1;1;2;1;2
855;2;Republican;2;4;3;6;2;1;1;1;1;1;2
856;1;independent;1;NA;NA;NA;1;1;1;1;1;1;1
857;1;independent;1;4;4;5;3;2;2;2;2;2;2
858;2;Democrat;1;NA;NA;NA;1;1;3;2;3;1;2
859;1;Democrat;1;NA;NA;NA;1;1;1;1;1;NA;1
860;2;Democrat;1;NA;NA;NA;1;1;1;1;2;1;1
861;2;Democrat;1;NA;NA;NA;1;1;1;1;2;1;1
862;2;Democrat;2;3;1;7;2;2;1;1;2;1;1
863;2;Democrat;1;7;NA;NA;1;2;2;2;2;2;1
864;1;Democrat;1;NA;NA;NA;1;1;1;1;2;1;1
865;1;Democrat;1;4;1;5;1;1;1;1;1;1;1
866;1;independent;2;4;4;7;1;1;1;1;2;1;1
867;1;Democrat;1;NA;NA;NA;1;3;1;1;3;1;1
868;2;Democrat;1;NA;NA;NA;1;1;1;1;1;1;1
869;2;Democrat;2;NA;NA;NA;1;1;1;1;3;1;1
870;1;Democrat;1;1;3;5;1;1;1;1;1;1;1
871;2;independent;1;NA;NA;NA;1;2;1;2;2;1;1
872;1;Democrat;1;NA;NA;NA;1;1;1;1;2;1;1
873;2;Democrat;1;6;6;NA;1;1;1;1;1;1;1
874;1;Democrat;1;6;1;NA;3;1;1;1;2;2;1
875;2;Democrat;2;3;1;7;1;1;1;1;3;1;1
876;1;independent;1;NA;NA;NA;3;1;1;3;1;1;1
877;2;Democrat;2;NA;NA;NA;1;1;1;1;1;1;1
878;2;Democrat;2;NA;NA;NA;1;1;1;1;1;1;1
879;1;Democrat;1;NA;NA;NA;1;1;1;1;1;1;1
880;1;Democrat;2;NA;NA;NA;1;1;1;1;3;1;1
881;2;Democrat;1;1;1;7;1;1;3;1;1;1;1
882;1;Democrat;2;NA;NA;NA;1;1;1;1;2;1;2
883;2;Democrat;2;NA;NA;NA;1;1;3;1;3;1;1
884;2;Democrat;2;NA;NA;NA;1;2;1;1;1;1;1
885;1;Democrat;1;1;1;7;1;2;1;1;3;2;1
886;1;Democrat;1;1;1;5;1;1;1;1;3;1;1
887;2;independent;2;NA;NA;NA;1;1;1;1;3;1;2
888;2;Democrat;2;NA;NA;NA;1;1;1;1;3;1;1
889;1;Democrat;1;NA;NA;NA;1;1;1;1;3;1;1
890;2;independent;1;3;1;3;1;1;1;1;2;2;1
891;2;independent;2;NA;5;5;1;1;2;1;2;2;1
892;1;Democrat;1;NA;1;NA;1;1;3;1;3;1;1
893;2;independent;1;NA;NA;NA;2;1;1;1;1;1;2
894;2;Democrat;1;2;NA;6;1;2;3;1;2;1;1
895;1;independent;1;NA;NA;NA;2;1;1;2;1;2;1
896;1;Democrat;2;3;7;4;2;2;1;1;2;1;1
897;2;independent;1;3;2;NA;1;1;2;1;1;1;1
898;2;Democrat;1;3;2;4;1;1;1;1;3;1;1
899;2;Democrat;1;NA;2;NA;1;1;1;1;2;1;1
900;1;independent;1;4;6;3;2;2;1;1;1;1;1
901;2;Democrat;1;1;NA;5;1;1;1;2;2;1;2
902;2;independent;1;5;4;4;3;2;1;1;3;NA;1
903;2;Democrat;2;7;6;7;1;1;1;1;1;1;1
904;1;Democrat;1;NA;NA;NA;1;2;1;1;3;1;1
905;2;Democrat;1;NA;NA;NA;1;1;1;1;2;1;1
906;1;independent;1;NA;4;6;1;1;1;1;1;1;1
907;2;independent;1;NA;4;NA;1;NA;2;1;1;1;1
908;1;Democrat;1;NA;NA;NA;1;2;1;2;1;1;1
909;1;independent;1;4;NA;NA;1;2;1;2;2;1;1
910;1;independent;1;1;1;7;1;1;1;1;1;1;1
911;2;Democrat;1;1;1;NA;1;2;1;1;2;1;1
912;1;independent;2;NA;NA;NA;2;1;1;1;3;1;1
913;2;Democrat;2;NA;NA;NA;1;3;1;1;3;1;1
914;2;Republican;2;NA;NA;NA;1;2;1;2;2;2;2
915;2;Democrat;1;1;4;NA;1;1;1;1;3;1;1
916;1;Republican;2;NA;NA;NA;2;2;2;3;3;3;2
917;2;Democrat;1;3;5;3;2;2;1;1;3;2;1
918;1;independent;1;NA;NA;NA;2;3;1;1;1;1;3
919;1;independent;1;NA;NA;NA;3;2;1;1;3;1;NA
920;2;Democrat;1;7;1;7;1;1;2;3;1;1;1
921;2;independent;2;1;1;7;1;1;1;1;1;1;1
922;2;Democrat;1;3;4;5;2;1;1;1;1;1;1
923;2;independent;2;4;4;4;3;2;1;1;3;1;1
924;2;Democrat;1;NA;NA;NA;1;2;1;2;2;1;1
925;2;independent;1;3;5;NA;NA;1;1;1;2;1;1
926;1;Republican;2;NA;NA;NA;1;1;1;1;2;2;1
927;1;Republican;2;NA;NA;NA;1;3;1;2;2;3;2
928;1;independent;1;1;7;7;1;1;1;1;1;1;1
929;2;independent;1;NA;NA;NA;1;1;1;3;3;1;1
930;1;Republican;2;7;7;2;2;1;1;1;3;2;1
931;1;Republican;2;NA;NA;NA;1;1;1;1;3;1;1
932;1;Democrat;2;NA;NA;NA;2;1;1;2;2;2;2
933;2;Democrat;1;1;7;NA;1;2;1;2;2;2;1
934;2;Republican;1;1;5;2;1;3;1;2;3;1;1
935;1;Republican;1;NA;NA;NA;3;3;3;1;3;1;1
936;1;Democrat;1;3;4;5;1;1;1;2;3;NA;1
937;2;independent;1;NA;NA;NA;1;1;1;1;1;1;1
938;1;independent;2;NA;NA;NA;3;2;1;1;3;2;2
939;1;independent;1;5;4;4;2;3;2;2;2;2;1
940;2;Democrat;2;7;1;5;1;1;1;1;1;1;1
941;2;independent;2;NA;NA;NA;1;1;1;1;2;1;1
942;2;Democrat;2;2;2;7;1;1;1;1;1;1;1
943;1;independent;2;NA;NA;NA;2;1;1;2;1;1;1
944;2;independent;1;NA;NA;NA;2;2;1;2;2;2;1
945;1;independent;1;NA;NA;NA;1;1;1;1;1;2;2
946;1;Democrat;2;2;5;4;3;1;2;1;3;2;1
947;2;Democrat;1;NA;NA;NA;1;1;1;1;1;1;1
948;2;Republican;2;NA;NA;NA;2;1;2;1;3;2;1
949;2;independent;2;NA;NA;NA;2;2;2;3;3;1;1
950;1;Republican;2;1;7;1;1;1;2;1;3;1;1
951;2;Republican;2;NA;NA;NA;3;2;1;1;3;1;2
952;1;Democrat;2;2;NA;7;2;3;2;3;3;2;2
953;2;independent;2;NA;NA;NA;2;2;2;1;2;1;2
954;2;independent;2;5;4;4;1;1;1;1;1;2;1
955;2;Democrat;2;NA;NA;NA;1;1;2;1;1;1;1
956;2;Democrat;2;NA;NA;NA;2;2;2;1;3;1;1
957;2;Democrat;2;NA;NA;NA;1;2;2;2;2;1;1
958;1;Republican;2;6;6;4;2;3;1;2;2;2;1
959;1;independent;2;NA;NA;NA;1;3;3;3;3;1;1
960;2;independent;2;NA;NA;NA;2;2;2;2;2;1;2
961;1;independent;2;NA;NA;NA;1;1;2;1;1;1;2
962;2;Democrat;2;5;2;5;1;1;1;1;2;1;2
963;1;Republican;2;6;6;1;3;1;1;2;3;3;3
964;1;Republican;2;6;5;2;1;2;2;2;2;1;2
965;2;independent;2;NA;NA;NA;1;1;1;1;1;1;1
966;2;Republican;1;2;1;NA;2;1;1;1;2;2;1
967;2;Republican;2;NA;NA;NA;2;2;1;2;3;2;2
968;2;independent;2;NA;NA;NA;1;NA;NA;1;2;1;1
969;2;independent;1;4;NA;4;2;2;1;1;3;2;2
970;2;independent;1;NA;NA;NA;3;2;2;1;3;3;2
971;2;independent;2;NA;NA;NA;1;1;1;1;1;1;1
972;2;Democrat;1;3;3;4;1;1;1;1;1;3;1
973;1;Democrat;1;7;7;7;1;1;1;1;3;2;1
974;1;Republican;2;4;6;3;1;1;1;1;3;1;2
975;1;Democrat;1;NA;NA;NA;2;1;1;1;2;1;1
976;2;independent;1;NA;NA;NA;1;1;1;1;1;2;1
977;2;Democrat;2;1;1;7;1;1;1;1;1;1;1
978;2;independent;1;1;1;5;1;1;1;1;2;1;1
979;2;independent;1;NA;NA;NA;1;1;1;1;1;1;1
980;2;independent;1;5;1;5;1;1;1;1;1;1;1
981;1;Democrat;2;5;3;4;1;1;2;1;2;2;2
982;2;Democrat;2;1;1;7;1;1;1;1;2;1;1
983;2;independent;1;NA;NA;4;1;1;1;2;2;2;2
984;2;Democrat;2;NA;NA;NA;1;1;1;1;2;1;1
985;1;Democrat;1;1;1;7;1;1;1;1;1;1;1
986;2;independent;2;5;NA;4;2;2;1;1;NA;2;2
987;2;independent;2;1;1;7;1;1;1;1;1;1;1
988;1;Democrat;1;NA;NA;NA;3;2;1;1;2;3;1
989;1;Democrat;1;NA;NA;NA;1;1;1;2;1;1;1
990;1;Democrat;1;1;1;NA;2;2;1;1;3;2;1
991;2;Democrat;2;2;3;6;2;1;1;1;2;1;2
992;2;Democrat;1;NA;NA;NA;1;NA;1;1;NA;2;1
993;2;Democrat;2;1;1;NA;1;1;1;1;2;1;1
994;2;Democrat;2;1;1;7;1;1;1;1;2;2;1
995;1;Democrat;1;7;7;1;1;1;2;1;2;2;1
996;2;Democrat;2;NA;NA;NA;1;1;1;1;1;2;1
997;2;Democrat;2;NA;NA;NA;1;1;2;1;1;1;1
998;1;Democrat;1;NA;NA;NA;1;2;1;1;2;1;1
999;2;independent;2;2;2;6;1;1;2;1;2;2;2
1000;2;Democrat;2;4;NA;4;2;1;1;1;2;1;1
1001;1;Democrat;1;NA;NA;NA;1;1;1;1;1;1;1
1002;1;independent;1;NA;NA;NA;1;1;1;1;1;1;1
1003;2;Democrat;1;NA;NA;NA;1;2;1;1;2;1;1
1004;2;Democrat;1;NA;NA;NA;1;1;1;1;2;1;1
1005;2;Democrat;1;NA;NA;NA;2;2;2;2;2;2;2
1006;2;independent;1;NA;NA;NA;3;1;1;1;1;2;1
1007;1;Democrat;1;NA;NA;NA;1;1;1;1;2;1;1
1008;1;Democrat;1;6;7;5;1;1;1;1;3;1;1
1009;1;independent;1;NA;NA;NA;1;1;1;1;1;1;1
1010;2;Democrat;1;4;NA;NA;1;1;1;1;3;2;1
1011;2;independent;2;NA;NA;NA;1;1;1;1;1;1;1
1012;1;independent;1;NA;NA;NA;1;1;1;1;3;1;1
1013;1;Democrat;1;NA;NA;NA;1;2;1;1;1;1;1
1014;2;Democrat;2;1;3;6;2;1;1;1;2;2;1
1015;1;Democrat;1;3;2;4;1;1;1;1;1;1;1
1016;2;Democrat;1;1;NA;6;1;1;1;1;2;2;1
1017;2;Democrat;2;NA;NA;NA;1;1;1;1;2;2;1
1018;2;independent;2;NA;NA;NA;2;1;1;1;3;1;2
1019;1;Democrat;2;NA;NA;NA;1;1;1;1;1;1;1
1020;2;Democrat;1;NA;NA;NA;1;1;1;1;2;1;1
1021;2;independent;2;5;5;4;1;1;1;1;3;2;1
1022;2;independent;1;NA;NA;NA;1;1;3;1;1;1;2
1023;1;Democrat;1;NA;NA;NA;1;1;1;1;1;2;1
1024;2;independent;2;NA;NA;NA;1;3;1;1;3;1;1
1025;2;Democrat;1;3;3;4;1;1;1;1;1;1;1
1026;1;independent;1;4;2;NA;1;1;1;1;1;1;1
1027;1;Democrat;1;NA;NA;NA;1;1;1;1;1;1;1
1028;2;Democrat;1;NA;2;NA;1;1;1;1;2;1;1
1029;1;Democrat;1;NA;NA;NA;1;1;1;1;1;1;1
1030;2;Democrat;1;NA;NA;NA;1;1;1;1;1;1;1
1031;1;Democrat;1;2;3;6;NA;NA;1;1;NA;2;1
1032;2;independent;2;NA;NA;NA;1;1;2;1;2;1;1
1033;2;Democrat;2;NA;NA;NA;1;1;1;1;1;1;1
1034;2;Democrat;1;NA;NA;NA;NA;1;1;1;2;1;1
1035;1;Democrat;2;NA;NA;NA;1;1;1;1;1;2;1
1036;2;Democrat;1;NA;NA;NA;1;1;1;1;2;1;1
1037;1;Democrat;2;NA;NA;NA;1;1;1;1;NA;1;1
1038;1;Democrat;2;NA;NA;NA;2;1;1;1;3;1;1
1039;2;Democrat;1;NA;6;7;1;1;1;1;1;1;1
1040;2;Democrat;2;NA;NA;NA;2;1;2;2;2;2;2
1041;2;Democrat;2;1;5;6;1;1;1;1;2;1;1
1042;2;Democrat;1;NA;NA;NA;1;1;1;1;1;1;1
1043;1;Democrat;1;2;4;6;1;1;1;1;2;1;1
1044;2;Democrat;2;NA;NA;NA;1;2;2;1;2;2;2
1045;1;Democrat;2;NA;NA;NA;1;1;3;1;1;1;1
1046;2;Democrat;2;1;3;3;1;NA;2;NA;2;2;1
1047;2;independent;1;NA;NA;NA;2;2;2;2;2;2;1
1048;2;Democrat;1;NA;NA;NA;1;1;1;1;1;1;1
1049;1;Democrat;1;NA;NA;NA;1;1;1;1;2;1;2
1050;1;independent;2;NA;NA;NA;2;2;2;2;1;1;2
1051;2;Democrat;1;3;4;7;1;1;1;1;2;1;1
1052;1;independent;1;NA;NA;NA;1;1;1;1;1;2;1
1053;1;Republican;2;NA;NA;NA;1;1;1;1;3;1;2
1054;2;independent;2;7;1;7;1;1;1;1;1;1;1
1055;2;independent;1;NA;NA;NA;1;1;1;1;1;1;1
1056;2;Democrat;1;2;6;4;1;1;1;1;3;1;1
1057;2;Democrat;1;7;5;NA;1;1;1;1;3;1;2
1058;2;Democrat;1;NA;NA;NA;1;1;1;1;2;2;1
1059;1;independent;1;NA;NA;NA;2;2;1;1;3;1;1
1060;1;Democrat;1;NA;NA;NA;1;2;2;2;2;1;1
1061;1;independent;1;5;5;5;1;2;1;1;1;1;1
1062;2;Democrat;1;NA;NA;NA;1;3;1;1;2;2;2
1063;1;Democrat;1;NA;NA;NA;1;1;1;1;1;1;1
1064;2;independent;1;NA;NA;NA;1;2;1;1;3;2;1
1065;1;Democrat;2;4;2;6;1;1;1;1;2;1;3
1066;2;independent;1;7;NA;5;2;2;1;1;3;2;1
1067;1;independent;1;5;4;2;2;1;1;1;2;1;1
1068;1;Democrat;1;1;1;7;1;2;1;1;1;2;1
1069;2;Democrat;1;NA;NA;NA;1;2;2;1;2;1;1
1070;1;independent;2;3;7;2;3;3;1;3;3;3;3
1071;2;independent;2;4;5;3;3;1;1;1;3;1;1
1072;2;independent;2;3;5;5;2;2;2;2;2;2;2
1073;1;Democrat;2;1;6;6;2;1;2;1;2;1;2
1074;2;Democrat;2;1;1;7;1;1;1;1;2;1;2
1075;1;Democrat;2;NA;NA;NA;2;1;1;1;2;2;1
1076;1;independent;2;3;2;5;1;1;1;1;2;2;2
1077;1;independent;2;NA;2;6;1;1;2;1;2;1;1
1078;2;Democrat;2;NA;NA;NA;1;1;2;1;1;1;1
1079;2;independent;2;1;4;7;1;1;NA;1;NA;1;1
1080;2;Democrat;2;NA;NA;NA;2;1;1;3;3;1;1
1081;1;independent;1;1;7;4;3;3;1;1;3;2;1
1082;1;independent;2;NA;NA;NA;1;1;1;1;2;2;1
1083;2;independent;2;NA;NA;NA;1;1;2;1;2;1;2
1084;1;independent;2;NA;NA;NA;2;3;1;3;3;2;3
1085;2;independent;2;3;6;3;2;2;2;2;3;2;1
1086;2;independent;1;2;5;4;2;1;2;1;3;1;2
1087;2;Democrat;2;7;3;7;1;1;1;1;3;2;2
1088;2;independent;2;4;2;5;2;2;2;1;3;1;1
1089;2;Republican;2;6;5;2;2;2;2;2;2;2;1
1090;1;Republican;1;NA;NA;NA;2;2;1;2;2;2;2
1091;2;independent;2;3;6;3;2;2;2;3;3;2;2
1092;1;Republican;2;NA;NA;NA;2;2;1;3;3;2;2
1093;2;Democrat;2;1;2;7;1;1;1;1;1;1;1
1094;2;Democrat;1;5;NA;5;NA;2;NA;1;2;1;2
1095;1;Republican;2;6;6;3;2;2;1;1;3;2;2
1096;2;Republican;2;NA;NA;NA;3;2;1;2;2;2;2
1097;2;Republican;2;7;7;4;2;2;1;1;2;1;1
1098;1;Republican;2;NA;NA;NA;2;2;1;1;3;1;1
1099;1;Republican;2;NA;NA;NA;3;1;2;3;3;1;3
1100;2;Republican;1;NA;NA;NA;1;1;1;2;1;2;2
1101;1;Republican;2;5;7;1;2;3;1;2;3;3;1
1102;1;Democrat;2;NA;NA;NA;1;2;1;3;2;1;1
1103;2;Democrat;1;NA;3;NA;2;1;1;1;2;1;1
1104;1;independent;2;NA;NA;NA;2;2;1;2;2;3;2
1105;1;Democrat;2;3;7;7;1;1;1;1;1;1;1
1106;2;Democrat;1;NA;NA;NA;1;2;1;1;2;2;2
1107;1;independent;2;2;3;2;1;1;1;1;2;1;1
1108;1;Democrat;2;NA;NA;NA;1;1;1;1;3;1;1
1109;1;Democrat;1;NA;NA;NA;1;1;1;1;2;1;1
1110;2;Democrat;2;NA;NA;NA;1;1;1;1;2;2;1
1111;2;independent;2;4;5;5;1;2;1;1;2;2;1
1112;2;independent;2;NA;NA;NA;1;1;1;1;2;1;1
1113;2;Democrat;1;1;1;NA;1;1;1;1;1;2;1
1114;2;Democrat;2;2;2;4;1;1;1;1;1;1;1
1115;2;Democrat;1;1;1;7;1;1;1;1;1;1;1
1116;2;Democrat;2;NA;1;7;1;1;1;1;1;2;1
1117;1;Democrat;1;NA;NA;NA;2;2;2;1;2;2;2
1118;2;Democrat;2;2;2;5;1;1;1;1;1;2;1
1119;2;Democrat;1;NA;NA;NA;1;1;1;1;1;1;1
1120;2;Democrat;1;3;4;5;1;1;2;1;1;1;1
1121;1;Democrat;1;NA;NA;NA;1;1;1;1;1;1;1
1122;2;Democrat;2;1;1;7;1;1;1;1;3;1;1
1123;2;Democrat;2;5;4;NA;1;1;1;1;3;1;1
1124;2;independent;1;4;NA;NA;1;1;1;1;1;2;1
1125;1;Democrat;2;1;1;NA;1;1;3;1;1;1;1
1126;1;Democrat;1;NA;NA;NA;1;2;1;1;1;1;1
1127;1;Democrat;2;2;1;NA;1;1;1;1;1;1;1
1128;2;Democrat;2;NA;NA;NA;1;1;3;1;1;1;1
1129;1;Democrat;1;NA;3;NA;1;1;1;1;1;2;1
1130;2;Democrat;1;NA;NA;NA;1;2;1;1;2;1;1
1131;2;Republican;1;NA;NA;NA;1;1;1;1;1;1;1
1132;2;Democrat;1;1;1;7;1;2;1;1;2;2;1
1133;2;independent;1;NA;NA;NA;1;1;1;1;2;2;1
1134;1;independent;2;NA;NA;NA;1;1;1;1;1;1;1
1135;2;Democrat;2;5;1;6;1;2;3;1;2;2;1
1136;1;Democrat;1;7;5;6;1;1;1;1;2;1;1
1137;1;independent;1;4;4;4;2;1;1;1;2;1;2
1138;2;independent;2;7;7;1;3;3;2;3;3;1;2
1139;2;Republican;2;NA;NA;NA;2;2;1;1;3;2;2
1140;1;Republican;1;NA;NA;NA;2;2;1;2;3;2;2
1141;1;Republican;1;7;7;2;3;2;3;2;3;3;2
1142;2;independent;1;1;NA;NA;1;1;1;1;2;1;1
1143;2;independent;1;7;7;NA;1;2;2;1;2;2;2
1144;2;Democrat;2;NA;NA;NA;1;1;1;1;1;1;1
1145;2;independent;1;1;NA;7;2;2;2;1;NA;2;1
1146;2;independent;2;NA;NA;NA;2;2;1;1;3;2;1
1147;2;Democrat;2;NA;NA;NA;1;2;1;1;3;1;1
1148;1;Democrat;1;7;7;3;2;2;1;1;2;2;2
1149;2;independent;2;1;5;5;1;3;2;1;2;1;1
1150;2;Democrat;1;NA;NA;NA;2;1;1;1;2;2;1
1151;2;Democrat;2;NA;NA;NA;2;1;1;1;2;1;1
1152;2;Republican;1;1;7;7;1;2;1;1;2;2;1
1153;2;independent;2;NA;NA;NA;1;1;3;1;1;1;1
1154;1;independent;1;3;1;1;1;2;3;2;2;1;2
1155;2;Democrat;2;6;2;NA;1;1;1;1;2;1;1
1156;2;Democrat;2;NA;NA;NA;1;1;1;1;1;1;1
1157;2;Democrat;1;NA;4;4;2;1;1;2;1;1;1
1158;2;independent;2;4;2;6;1;1;1;1;2;1;1
1159;2;independent;1;NA;NA;NA;1;1;2;1;1;2;1
1160;2;Democrat;2;2;2;6;1;1;1;2;2;1;2
1161;2;Republican;2;5;5;3;2;1;2;1;3;3;1
1162;2;Democrat;2;NA;NA;NA;1;1;2;1;2;1;1
1163;2;independent;2;NA;NA;NA;1;1;1;1;3;1;1
1164;2;independent;2;NA;NA;NA;1;1;1;1;3;1;1
1165;2;Democrat;2;2;3;5;1;1;2;1;1;1;1
1166;2;independent;2;4;6;2;2;2;2;2;2;2;1
1167;2;Democrat;1;NA;NA;NA;1;1;1;1;3;1;1
1168;2;Democrat;2;5;3;4;2;1;1;1;2;1;2
1169;1;Democrat;1;NA;NA;NA;1;1;1;1;1;1;1
1170;2;Democrat;2;NA;NA;NA;1;1;1;1;2;1;1
1171;2;Democrat;1;NA;NA;NA;1;1;1;1;1;1;3
1172;2;Democrat;1;7;1;7;1;1;1;1;1;1;1
1173;2;independent;1;3;2;2;1;NA;1;NA;2;1;1
1174;1;Democrat;2;NA;2;5;1;1;1;1;2;1;1
1175;2;Democrat;2;NA;NA;NA;1;1;1;1;2;1;1
1176;1;independent;2;NA;NA;NA;1;1;1;1;1;1;1
1177;1;Republican;2;4;4;1;2;3;3;1;2;2;2
1178;1;independent;2;NA;NA;NA;1;1;3;1;NA;1;1
1179;1;Democrat;1;NA;NA;NA;3;1;3;1;3;1;1
1180;2;Democrat;2;3;2;6;1;1;1;1;2;2;2
1181;2;Democrat;2;1;1;NA;1;1;1;1;2;1;1
1182;2;Democrat;1;NA;NA;NA;1;1;1;1;NA;1;1
1183;2;Democrat;1;2;3;6;1;1;NA;1;1;2;1
1184;2;Democrat;1;4;1;NA;1;1;1;1;2;NA;1
1185;1;independent;2;4;3;NA;1;2;1;1;2;1;1
1186;1;Democrat;1;NA;NA;NA;1;1;1;1;2;1;1
1187;2;Democrat;1;NA;NA;NA;2;1;1;1;2;2;2
1188;2;Democrat;2;3;2;7;1;1;2;1;1;1;1
1189;2;Democrat;1;NA;NA;NA;1;1;1;1;3;1;1
1190;2;Democrat;2;NA;NA;NA;1;1;1;1;3;1;1
1191;1;Democrat;1;NA;NA;NA;1;1;1;1;3;2;1
1192;2;independent;1;NA;NA;NA;1;2;2;2;2;2;1
1193;2;independent;2;4;4;4;2;2;1;1;3;1;1
1194;1;independent;1;1;NA;7;1;1;1;1;1;1;1
1195;1;independent;1;NA;NA;NA;1;1;1;1;1;2;1
1196;1;Republican;1;7;NA;4;2;2;2;2;2;3;1
1197;2;Democrat;2;NA;NA;NA;1;1;1;1;2;1;1
1198;1;Democrat;1;4;4;1;1;1;1;1;2;1;1
1199;1;Democrat;1;NA;NA;NA;2;3;1;1;1;1;2
1200;2;independent;1;NA;NA;NA;2;2;1;2;2;2;1
1201;2;Republican;1;NA;NA;NA;2;2;1;1;2;2;1
1202;2;Republican;2;NA;NA;NA;2;2;1;2;2;2;2
1203;1;Democrat;2;5;6;4;2;1;1;1;2;1;1
1204;1;Democrat;2;NA;NA;NA;1;2;3;1;2;1;1
1205;1;Republican;1;6;NA;2;2;2;1;2;2;1;1
1206;2;Democrat;1;4;NA;NA;1;1;1;1;1;1;1
1207;1;Democrat;2;NA;NA;NA;1;1;1;1;2;1;2
1208;1;independent;2;7;7;1;3;3;3;1;3;3;3
1209;1;Republican;2;NA;NA;NA;1;1;1;1;1;3;1
1210;1;independent;2;NA;NA;NA;2;2;2;2;2;2;2
1211;1;Republican;2;NA;NA;NA;2;2;2;1;3;1;2
1212;2;Republican;2;6;7;2;3;2;1;1;2;1;1
1213;1;Republican;2;NA;NA;NA;1;2;1;1;3;1;1
1214;1;Republican;2;5;5;5;2;2;2;2;2;2;2
1215;2;Republican;2;NA;NA;NA;2;2;2;2;2;1;2
1216;1;Republican;2;6;5;3;1;3;1;3;2;2;1
1217;2;Republican;2;NA;NA;NA;1;2;2;1;2;1;1
1218;1;independent;2;NA;4;4;2;2;1;1;2;1;2
1219;1;Democrat;1;NA;NA;NA;2;2;1;1;2;1;1
1220;2;Democrat;2;NA;NA;NA;1;1;1;2;2;1;1
1221;1;independent;2;NA;NA;NA;1;2;2;1;3;2;1
1222;2;independent;2;2;NA;5;1;1;2;1;3;1;2
1223;1;independent;1;4;NA;NA;3;2;1;1;3;3;1
1224;2;independent;1;NA;NA;NA;1;1;1;1;1;1;2
1225;1;independent;2;NA;NA;NA;3;2;2;1;3;1;2
1226;2;Republican;2;NA;NA;NA;1;2;2;1;2;1;1
1227;2;independent;2;1;4;4;1;1;1;1;1;NA;1
1228;2;independent;2;5;4;7;2;1;2;1;1;2;1
1229;1;Republican;2;7;5;4;2;2;2;1;2;2;1
1230;2;Democrat;2;NA;NA;NA;NA;NA;1;1;NA;1;1
1231;2;Republican;2;5;6;3;1;1;1;1;2;2;1
1232;1;independent;1;2;6;5;2;2;2;2;2;2;2
1233;2;Republican;2;3;6;3;1;2;2;1;1;2;2
1234;2;Republican;1;NA;NA;NA;2;3;2;2;3;3;2
1235;1;Republican;2;NA;NA;NA;2;1;1;1;2;2;2
1236;2;Republican;1;NA;NA;5;2;1;1;1;2;1;2
1237;2;independent;1;5;NA;NA;NA;2;2;2;2;1;2
1238;1;independent;1;NA;NA;NA;3;3;2;2;3;3;3
1239;2;Republican;2;NA;NA;NA;2;3;2;3;3;1;NA
1240;1;independent;1;NA;NA;NA;2;2;2;1;2;1;1
1241;1;independent;2;NA;NA;NA;1;1;1;2;1;1;1
1242;2;independent;1;NA;NA;NA;2;NA;NA;NA;NA;2;2
1243;2;Republican;1;3;NA;5;2;2;2;2;2;2;2
1244;2;Republican;1;NA;NA;NA;2;2;3;2;2;2;2
1245;1;Republican;2;NA;7;6;1;2;2;1;1;1;2
1246;1;independent;1;3;3;5;1;1;2;1;1;2;1
1247;2;Republican;2;5;NA;5;1;2;2;1;3;1;1
1248;1;Republican;2;3;6;5;2;2;2;1;2;3;2
1249;2;Republican;2;NA;NA;NA;2;2;2;1;3;3;1
1250;1;Democrat;2;NA;NA;NA;2;1;2;1;1;1;1
1251;1;Republican;1;NA;NA;NA;2;2;2;2;3;3;2
1252;2;Republican;2;4;5;1;3;NA;NA;3;3;3;NA
1253;2;independent;2;NA;NA;NA;1;1;1;1;1;1;1
1254;1;independent;2;2;3;4;1;1;2;2;3;1;2
1255;1;Democrat;2;NA;NA;NA;1;2;2;1;2;1;1
1256;2;Republican;1;NA;NA;NA;1;2;1;2;2;3;1
1257;2;independent;2;NA;NA;NA;1;1;2;1;1;1;NA
1258;1;independent;1;NA;NA;NA;1;1;1;1;2;1;2
1259;1;Republican;2;7;5;2;2;1;2;2;2;2;2
1260;1;independent;2;NA;NA;NA;2;1;1;1;3;1;1
1261;2;Republican;2;NA;NA;NA;2;2;1;2;2;2;2
1262;2;Republican;2;NA;NA;NA;2;1;2;1;3;1;1
1263;2;Democrat;2;NA;NA;NA;1;2;1;1;2;1;1
1264;1;independent;1;2;3;3;2;1;1;1;3;1;1
1265;1;Republican;2;4;6;3;2;2;2;1;3;2;2
1266;1;Democrat;2;NA;NA;NA;1;1;1;1;2;1;1
1267;2;independent;1;NA;NA;NA;NA;NA;2;2;NA;2;1
1268;1;Republican;2;5;3;3;1;1;2;1;2;1;1
1269;2;Democrat;2;3;5;5;2;2;1;2;2;2;1
1270;2;Democrat;2;1;6;6;1;2;1;1;3;1;1
1271;2;Democrat;2;2;4;6;1;1;1;1;2;1;2
1272;1;independent;2;6;4;NA;2;2;2;2;2;1;2
1273;2;Republican;2;NA;NA;NA;1;1;2;2;2;1;1
1274;1;Republican;2;NA;NA;NA;3;3;1;3;3;NA;3
1275;2;independent;2;NA;NA;NA;1;2;2;1;2;2;1
1276;2;Republican;2;NA;NA;NA;1;2;2;1;2;1;1
1277;1;independent;2;2;2;5;1;1;1;1;1;1;1
1278;2;Democrat;2;NA;NA;NA;1;1;1;1;2;1;1
1279;2;independent;2;NA;NA;NA;1;1;3;1;1;1;1
1280;2;Republican;2;NA;NA;NA;1;2;2;2;2;2;1
1281;2;Democrat;1;4;4;5;2;1;1;2;2;2;2
1282;1;Democrat;1;NA;NA;NA;1;1;1;1;2;3;1
1283;1;Democrat;2;1;5;NA;1;1;2;1;2;1;1
1284;1;Democrat;1;NA;NA;NA;1;1;2;1;2;2;1
1285;2;independent;1;1;4;4;1;1;1;1;2;2;1
1286;1;independent;1;NA;NA;NA;1;1;1;1;1;1;1
1287;1;Democrat;1;NA;NA;NA;1;1;1;1;2;1;1
1288;2;Democrat;2;4;2;4;1;2;1;1;2;1;1
1289;1;Democrat;2;NA;NA;NA;1;1;1;1;1;1;1
1290;2;Democrat;2;2;4;4;1;1;2;1;2;1;1
1291;2;Republican;2;NA;NA;NA;2;2;2;1;2;2;1
1292;1;Democrat;1;4;1;4;1;1;1;2;2;1;3
1293;2;independent;1;NA;NA;NA;1;1;1;1;1;2;1
1294;1;Republican;2;NA;NA;NA;2;2;2;NA;3;2;2
1295;1;independent;1;7;7;4;2;1;1;1;2;1;1
1296;2;independent;1;NA;NA;NA;1;1;1;1;1;1;2
1297;2;Democrat;1;NA;NA;NA;1;1;1;2;2;1;1
1298;2;Democrat;1;NA;NA;NA;NA;1;1;NA;NA;NA;1
1299;1;independent;1;2;3;5;2;2;1;1;3;1;1
1300;1;Democrat;2;2;2;6;1;2;1;1;3;1;1
1301;2;Democrat;2;NA;NA;NA;2;2;2;2;2;2;2
1302;1;independent;1;4;4;7;1;1;1;1;2;2;1
1303;2;Democrat;1;NA;NA;NA;2;1;2;2;2;2;1
1304;1;Democrat;1;NA;NA;NA;1;1;1;1;1;1;1
1305;2;Democrat;1;NA;NA;NA;1;2;1;1;3;1;1
1306;2;independent;1;NA;NA;NA;2;1;1;2;1;1;1
1307;1;independent;1;6;3;5;1;1;1;1;1;1;1
1308;1;Democrat;1;1;1;7;1;1;3;1;1;2;1
1309;2;independent;2;2;6;4;2;3;1;1;1;1;1
1310;2;Republican;1;3;3;4;1;1;1;1;1;1;1
1311;2;Democrat;1;NA;NA;NA;1;2;1;2;2;1;1
1312;1;Democrat;1;1;1;6;1;1;2;1;1;1;1
1313;2;Democrat;2;NA;NA;NA;1;2;1;1;3;1;1
1314;2;Democrat;2;6;1;4;1;1;2;1;3;2;1
1315;1;independent;1;5;4;4;1;2;2;1;3;2;3
1316;1;Republican;2;NA;NA;NA;1;1;2;1;2;1;1
1317;1;independent;2;NA;NA;NA;2;2;2;2;3;2;1
1318;1;independent;1;5;7;5;2;1;1;1;2;1;1
1319;1;Democrat;1;NA;NA;NA;1;NA;1;1;3;1;1
1320;2;Republican;1;NA;NA;NA;1;1;1;1;1;2;1
1321;1;Democrat;1;NA;NA;NA;NA;2;2;NA;2;2;NA
1322;1;independent;1;NA;NA;NA;1;1;1;1;2;1;1
1323;2;Democrat;1;5;5;4;1;1;1;1;2;1;1
1324;2;Democrat;1;NA;NA;NA;1;1;1;1;1;1;1
1325;1;independent;2;1;4;4;1;2;2;1;3;1;1
1326;2;independent;2;NA;NA;NA;1;1;2;1;1;1;1
1327;1;independent;2;NA;NA;NA;1;1;1;1;1;1;1
1328;2;Republican;2;NA;NA;NA;2;2;1;1;3;3;1
1329;1;independent;2;6;4;1;2;3;3;3;3;3;NA
1330;1;independent;1;NA;NA;NA;1;1;2;1;2;2;1
1331;2;Democrat;1;NA;NA;NA;2;1;1;1;2;1;2
1332;2;Democrat;1;NA;NA;NA;1;1;1;1;3;1;1
1333;1;Democrat;2;1;4;4;1;1;1;1;1;2;1
1334;1;Democrat;2;NA;NA;NA;1;1;1;1;1;1;1
1335;2;independent;1;1;2;5;1;2;1;1;1;1;1
1336;2;independent;1;NA;NA;NA;1;1;1;1;1;1;1
1337;1;Democrat;2;NA;NA;NA;1;1;1;1;1;1;1
1338;1;Democrat;1;NA;NA;NA;1;1;1;1;1;1;1
1339;2;independent;2;2;7;5;2;1;2;1;1;1;2
1340;1;Democrat;1;1;1;4;1;1;2;1;1;1;1
1341;2;Democrat;1;NA;NA;NA;1;1;3;1;1;1;1
1342;1;Democrat;2;NA;NA;NA;1;NA;2;1;2;2;1
1343;2;independent;1;1;4;7;1;2;1;1;2;2;2
1344;1;Democrat;1;1;4;7;1;1;1;1;1;1;1
1345;2;Republican;2;5;6;4;1;2;1;1;2;1;1
1346;2;independent;1;1;2;5;1;1;1;2;2;1;1
1347;1;Republican;2;7;7;3;3;2;2;2;3;2;2
1348;1;independent;2;3;2;NA;1;1;1;1;1;1;1
1349;2;independent;2;1;5;5;3;2;2;1;NA;1;NA
1350;2;independent;2;NA;NA;NA;1;1;2;2;2;1;1
1351;1;Republican;2;NA;NA;NA;2;2;2;1;2;1;1
1352;2;Democrat;1;NA;NA;NA;1;1;1;1;1;1;1
1353;1;independent;1;3;3;2;1;1;2;3;2;1;1
1354;1;independent;1;NA;NA;NA;2;2;2;1;2;2;1
1355;1;Democrat;2;4;5;4;2;2;2;2;2;1;1
1356;2;independent;1;2;3;6;1;1;2;3;2;1;2
1357;1;Republican;2;7;4;4;1;1;1;1;1;2;1
1358;2;independent;2;NA;NA;NA;1;2;2;1;2;1;2
1359;2;Republican;2;2;4;3;2;1;2;1;2;1;3
1360;2;independent;2;NA;NA;NA;2;1;2;1;2;1;2
1361;2;Republican;2;NA;NA;NA;1;2;2;3;1;1;1
1362;1;independent;1;NA;NA;NA;2;2;1;1;3;1;1
1363;2;Republican;2;6;7;1;2;2;2;3;3;3;1
1364;2;Democrat;2;NA;NA;NA;1;1;1;1;2;1;1
1365;1;independent;2;NA;NA;NA;1;1;2;1;2;2;2
1366;2;Republican;1;NA;NA;NA;2;2;3;1;3;2;1
1367;2;Republican;2;5;6;2;2;NA;2;2;2;3;NA
1368;1;Republican;2;NA;NA;NA;3;3;2;2;3;3;2
1369;2;Democrat;1;NA;NA;NA;1;1;1;1;1;1;1
1370;2;Republican;1;7;NA;NA;2;1;1;1;2;1;1
1371;2;independent;1;NA;NA;NA;2;2;1;1;3;2;1
1372;2;independent;1;NA;NA;NA;2;2;1;2;2;2;2
1373;1;independent;1;4;5;7;2;1;1;1;2;1;1
1374;1;Republican;2;6;6;1;3;3;3;3;3;3;2
1375;1;Republican;2;NA;NA;NA;2;3;1;1;2;3;2
1376;1;Democrat;2;NA;NA;NA;2;1;2;1;3;3;1
1377;1;Democrat;1;1;1;NA;1;1;1;1;2;1;1
1378;2;independent;2;4;4;6;1;1;2;1;1;2;3
1379;2;Democrat;2;NA;NA;NA;1;2;1;2;3;1;1
1380;1;Democrat;2;NA;NA;NA;1;2;1;1;2;1;1
1381;2;independent;2;NA;NA;NA;1;1;3;1;1;1;1
1382;1;Democrat;2;NA;NA;NA;1;1;2;1;1;1;1
1383;1;independent;2;NA;NA;NA;1;1;1;1;1;1;1
1384;2;Democrat;2;NA;NA;NA;1;1;1;1;1;1;1
1385;1;independent;1;2;3;5;1;NA;1;2;NA;1;2
1386;2;independent;1;NA;4;6;1;1;1;1;NA;1;1
1387;2;Democrat;1;NA;NA;NA;1;2;1;1;2;1;1
1388;1;independent;1;1;4;NA;1;1;1;1;2;2;1
1389;2;independent;2;NA;4;NA;3;2;3;2;3;2;3
1390;2;independent;2;3;4;7;1;1;2;1;1;1;1
1391;1;independent;1;NA;NA;NA;2;2;2;1;2;1;2
1392;1;independent;1;4;4;4;1;1;2;1;3;1;1
1393;1;Democrat;2;4;4;4;1;1;2;1;2;1;1
1394;2;Democrat;2;NA;NA;NA;1;1;3;1;2;2;1
1395;1;independent;1;4;6;4;1;1;1;1;2;1;1
1396;1;Democrat;2;NA;NA;NA;1;1;2;1;2;2;1
1397;1;Democrat;2;1;5;6;1;1;1;2;2;1;1
1398;2;Republican;2;6;5;3;2;1;2;1;3;2;2
1399;1;Republican;2;NA;NA;NA;2;2;2;1;2;1;1
1400;2;independent;2;3;5;3;1;1;1;1;2;1;1
1401;1;independent;1;1;4;6;2;1;1;1;2;1;2
1402;1;independent;1;NA;NA;NA;2;1;1;2;3;1;1
1403;2;independent;1;NA;NA;NA;2;2;2;1;2;1;2
1404;2;Democrat;2;5;5;5;1;1;1;1;1;1;2
1405;2;independent;1;3;2;5;1;1;2;1;1;1;1
1406;2;Republican;2;NA;NA;NA;2;1;1;1;3;2;1
1407;2;independent;1;NA;NA;NA;1;1;1;1;1;1;1
1408;2;Democrat;1;2;4;NA;1;2;1;2;2;2;1
1409;2;Republican;1;NA;NA;NA;2;1;1;2;3;2;2
1410;2;independent;2;2;5;4;2;2;2;2;3;2;1
1411;2;Democrat;2;NA;NA;NA;1;1;2;1;1;1;1
1412;2;independent;2;NA;NA;NA;1;1;1;1;1;1;1
1413;2;Republican;2;NA;NA;NA;2;1;2;1;2;3;1
1414;1;independent;1;NA;NA;NA;1;2;1;1;2;1;1
1415;1;Democrat;2;4;5;5;1;1;1;1;2;1;2
1416;2;Democrat;2;NA;NA;NA;1;1;2;1;2;1;2
1417;1;independent;2;2;6;6;NA;1;2;1;3;1;2
1418;1;Democrat;2;2;3;4;1;2;2;1;2;2;1
1419;1;Democrat;1;NA;NA;NA;1;1;1;1;3;1;1
1420;1;Republican;2;4;4;7;2;1;2;1;3;1;2
1421;1;Republican;2;6;7;1;3;3;1;3;3;3;3
1422;1;Democrat;2;1;2;7;1;1;1;1;1;1;1
1423;1;independent;2;NA;NA;NA;2;2;2;1;2;2;2
1424;2;Democrat;2;1;1;6;1;1;1;1;2;1;2
1425;2;Republican;1;NA;NA;NA;1;3;1;1;3;1;1
1426;1;Republican;2;3;2;4;2;2;1;1;2;2;1
1427;2;Republican;1;NA;NA;NA;1;2;1;2;3;1;1
1428;2;independent;1;2;4;4;1;1;2;2;3;1;2
1429;1;independent;1;6;6;5;1;1;1;1;3;2;1
1430;1;independent;1;5;5;NA;1;1;2;1;3;2;2
1431;2;independent;1;4;4;4;2;2;2;2;2;2;2
1432;2;independent;2;NA;NA;NA;1;1;1;1;3;1;1
1433;2;independent;2;NA;NA;NA;1;1;1;1;1;1;1
1434;2;Republican;1;5;NA;NA;1;2;1;1;2;2;1
1435;1;Republican;1;5;7;NA;1;1;1;2;1;2;1
1436;2;independent;1;NA;NA;NA;NA;2;1;1;3;1;1
1437;2;independent;1;2;NA;5;2;1;1;1;3;1;2
1438;2;Republican;1;6;NA;3;2;2;1;2;3;2;1
1439;1;independent;2;1;NA;7;2;1;1;1;1;3;1
1440;2;independent;1;NA;NA;NA;1;1;1;1;2;2;1
1441;2;independent;2;4;6;4;2;2;1;1;3;2;2
1442;1;Republican;2;NA;NA;NA;3;2;2;2;3;3;2
1443;1;independent;1;3;4;6;1;1;1;1;3;1;1
1444;2;Democrat;1;NA;NA;NA;1;1;1;1;1;1;1
1445;2;Democrat;1;2;2;6;1;1;1;1;1;1;1
1446;2;Democrat;1;1;1;5;1;1;1;1;1;1;1
1447;2;Republican;2;NA;NA;NA;1;1;1;1;1;1;1
1448;1;independent;1;NA;NA;NA;1;1;1;1;1;1;1
1449;1;Democrat;2;7;NA;NA;2;1;2;1;2;1;2
1450;2;independent;1;4;3;6;2;1;1;1;3;2;1
1451;2;Republican;1;4;7;6;1;2;1;1;2;1;1
1452;2;independent;2;NA;NA;NA;NA;NA;2;1;2;3;1
1453;1;Democrat;1;7;NA;NA;3;3;1;3;2;2;2
1454;1;independent;2;4;2;4;1;1;1;1;1;1;1
1455;2;Democrat;1;NA;NA;NA;1;1;1;1;2;2;1
1456;2;independent;2;NA;NA;NA;2;3;2;2;3;1;2
1457;1;independent;2;3;2;5;1;1;NA;1;1;1;NA
1458;1;Democrat;1;NA;5;NA;1;1;1;1;1;1;1
1459;2;Democrat;1;NA;NA;NA;NA;1;3;1;1;NA;1
1460;1;independent;2;NA;NA;NA;1;1;1;1;2;1;1
1461;2;Democrat;2;NA;NA;NA;1;1;1;1;2;2;1
1462;2;Democrat;2;1;1;6;1;1;1;1;2;2;1
1463;2;Democrat;2;NA;NA;NA;1;2;2;1;1;1;1
1464;2;Democrat;1;NA;NA;NA;2;2;2;2;2;2;2
1465;1;Democrat;2;2;2;5;1;1;2;1;2;1;1
1466;2;independent;2;NA;1;7;1;1;1;1;1;2;1
1467;1;independent;2;1;1;7;1;1;1;1;NA;1;1
1468;2;Democrat;2;4;4;4;2;1;1;1;2;1;1
1469;1;Democrat;2;NA;NA;NA;1;1;1;2;2;1;1
1470;1;Democrat;1;NA;NA;NA;1;1;1;1;1;1;1
1471;1;Democrat;2;NA;NA;NA;1;1;1;1;1;2;1
1472;2;Democrat;1;NA;NA;NA;1;1;1;1;1;1;1
1473;2;Democrat;2;NA;NA;NA;1;1;1;1;1;1;1
1474;2;independent;2;2;5;4;2;1;1;1;3;1;2
1475;1;Democrat;2;NA;NA;NA;1;1;1;1;2;2;1
1476;1;independent;2;NA;NA;NA;1;1;2;1;1;1;2
1477;2;independent;2;NA;NA;NA;2;2;1;2;3;1;2
1478;1;independent;2;4;3;6;1;1;2;1;1;1;1
1479;2;Democrat;2;NA;NA;NA;1;2;2;2;1;1;1
1480;1;Democrat;2;NA;NA;NA;1;1;2;1;2;1;1
1481;2;Democrat;1;4;5;4;1;1;1;1;2;2;1
1482;1;Democrat;2;2;2;6;1;1;1;1;2;1;1
1483;2;Democrat;2;NA;4;6;1;1;1;1;1;2;1
1484;1;Democrat;2;5;1;6;1;1;2;1;2;1;1
1485;2;Republican;2;NA;4;5;2;1;2;1;2;1;1
1486;1;independent;2;NA;NA;NA;1;1;1;1;1;1;1
1487;2;Republican;2;NA;NA;NA;2;1;1;1;2;2;1
1488;2;independent;2;6;6;1;2;2;2;3;2;2;2
1489;2;Democrat;1;1;2;7;1;2;1;1;2;1;1
1490;2;Democrat;1;NA;NA;NA;2;3;1;1;2;1;1
1491;2;Democrat;1;NA;NA;NA;1;2;1;1;1;2;1
1492;2;independent;2;NA;NA;NA;1;1;NA;1;NA;NA;1
1493;2;Republican;1;NA;NA;NA;2;2;1;1;3;1;1
1494;2;Democrat;2;2;3;5;1;1;1;2;3;1;1
1495;2;Democrat;1;NA;NA;NA;2;2;1;1;3;1;NA
1496;1;independent;1;7;5;4;2;1;2;1;3;2;1
1497;2;Democrat;1;1;NA;NA;1;1;1;1;2;1;1
1498;1;independent;1;5;5;2;2;2;1;2;3;3;2
1499;2;Democrat;2;4;4;NA;1;2;1;1;2;1;2
1500;2;Republican;2;NA;NA;NA;1;1;1;1;1;1;1
1501;2;Democrat;1;1;NA;NA;1;2;1;3;1;1;1
1502;2;Democrat;1;4;NA;4;2;1;1;3;2;2;1
1503;1;Democrat;1;NA;NA;NA;2;2;2;3;3;2;3
1504;2;Democrat;1;NA;NA;NA;1;2;1;2;2;1;1
1505;2;Democrat;1;1;1;7;1;1;1;2;2;1;1
1506;2;Democrat;1;4;4;4;1;1;1;1;2;1;1
1507;1;Democrat;1;NA;NA;NA;2;2;2;2;2;2;2
1508;2;Republican;2;6;4;5;2;2;1;1;3;2;1
1509;1;Republican;2;NA;NA;NA;2;2;1;2;2;1;2
1510;2;Democrat;1;2;4;NA;1;1;1;1;3;1;1
1511;2;Democrat;1;NA;NA;NA;2;1;2;1;3;2;2
1512;1;independent;2;NA;NA;NA;1;1;2;1;3;1;3
1513;2;independent;1;1;6;5;1;1;1;1;2;2;2
1514;1;Democrat;1;NA;NA;NA;1;1;1;1;2;1;1
1515;2;independent;1;NA;NA;NA;1;1;1;1;1;1;1
1516;2;Republican;1;NA;NA;NA;1;1;1;1;2;1;1
1517;2;Democrat;1;7;5;3;2;2;2;1;3;3;1
1518;2;Democrat;2;NA;NA;NA;1;2;2;1;3;1;NA
1519;1;independent;1;3;3;6;1;1;1;1;1;1;1
1520;2;independent;2;NA;NA;NA;2;1;1;2;2;1;2
1521;2;Democrat;2;NA;NA;NA;1;1;1;1;2;2;1
1522;1;Republican;1;NA;6;2;1;3;1;1;3;1;1
1523;1;independent;1;5;5;NA;1;1;3;1;1;1;1
1524;2;independent;1;4;4;NA;2;2;2;3;2;1;2
1525;2;Democrat;2;NA;NA;NA;2;2;3;2;2;2;1
1526;2;Republican;1;1;NA;3;1;1;1;1;2;2;1
1527;1;Republican;1;NA;NA;NA;2;2;1;2;2;2;2
1528;1;Democrat;1;3;4;3;1;1;1;1;1;1;1
1529;2;Republican;2;NA;NA;NA;2;2;1;1;2;1;1
1530;2;independent;1;NA;NA;NA;1;1;2;2;1;1;1
1531;1;independent;1;NA;NA;NA;2;1;1;1;2;1;1
1532;2;Republican;1;NA;4;NA;1;1;1;1;1;2;2
1533;1;Republican;2;2;6;5;1;1;1;3;3;2;1
1534;1;Republican;2;NA;NA;NA;3;1;1;1;3;1;1
1535;1;Republican;1;7;6;3;2;2;1;2;2;2;1
1536;1;Republican;1;4;4;4;2;2;2;1;2;1;2
1537;1;Republican;1;6;7;1;2;2;1;2;2;2;2
1538;1;independent;2;NA;NA;NA;2;3;2;2;1;3;1
1539;2;Democrat;1;2;4;NA;2;2;1;1;2;1;2
1540;2;Republican;1;5;6;4;2;2;2;2;2;1;2
1541;2;Democrat;2;4;4;4;2;2;1;1;2;2;2
1542;2;Democrat;1;1;2;7;1;1;1;1;2;2;1
1543;2;Democrat;1;NA;NA;NA;1;2;1;1;2;1;1
1544;1;Democrat;1;1;4;3;2;1;2;1;2;2;1
1545;2;Democrat;2;NA;NA;NA;1;1;1;1;2;2;1
1546;2;Democrat;1;2;6;5;1;2;1;1;2;2;2
1547;2;independent;2;NA;NA;NA;1;1;NA;1;3;1;1
1548;2;Democrat;1;NA;NA;NA;1;1;1;1;1;1;1
1549;2;Democrat;1;7;7;3;1;2;1;1;3;1;3
1550;2;independent;2;7;2;NA;1;1;1;1;1;1;1
1551;2;Democrat;2;1;5;4;1;1;1;1;1;1;1
1552;2;Democrat;2;5;5;4;2;NA;1;2;2;1;1
1553;1;Democrat;2;3;5;6;1;1;2;1;3;2;1
1554;1;Democrat;2;NA;NA;NA;1;1;1;1;3;1;1
1555;1;independent;1;1;2;1;1;1;3;1;2;1;1
1556;1;independent;1;3;1;7;1;1;1;1;1;1;1
1557;2;Republican;1;NA;NA;NA;2;1;1;2;2;2;2
1558;1;independent;1;3;5;2;2;2;1;1;3;2;1
1559;1;independent;1;5;6;4;1;2;1;2;2;2;2
1560;1;independent;2;NA;NA;NA;2;1;1;1;2;1;2
1561;1;Democrat;1;6;NA;NA;2;NA;1;2;2;2;1
1562;1;independent;2;NA;NA;3;2;2;1;2;2;1;2
1563;1;Republican;1;NA;NA;NA;1;1;1;1;1;1;1
1564;1;Republican;2;7;6;3;3;3;2;2;3;2;1
1565;2;independent;1;1;7;6;1;2;2;2;2;2;1
1566;1;independent;2;NA;NA;NA;2;1;1;1;2;1;1
1567;2;Democrat;2;1;4;5;1;2;2;1;1;2;1
1568;2;Democrat;2;NA;NA;NA;2;1;1;2;2;1;1
1569;1;Republican;2;NA;NA;NA;2;2;1;1;2;1;2
1570;1;Democrat;1;4;6;4;1;1;1;1;1;1;1
1571;2;Republican;1;2;1;7;1;1;1;1;1;1;1
1572;2;independent;1;1;5;NA;1;1;1;1;1;1;1
1573;1;Democrat;2;3;NA;4;1;2;2;2;2;2;2
1574;2;Republican;1;NA;NA;NA;2;2;2;1;2;2;2
1575;1;Democrat;1;5;5;5;1;1;2;1;1;1;1
1576;2;Republican;1;NA;NA;5;2;2;1;1;2;1;2
1577;1;Democrat;1;NA;NA;NA;1;1;1;1;3;3;1
1578;1;Democrat;1;1;1;7;1;1;3;1;1;1;1
1579;2;Democrat;1;7;1;NA;1;1;1;1;1;2;1
1580;2;Democrat;1;NA;NA;NA;1;2;1;1;1;2;2
1581;2;Democrat;2;1;1;6;1;1;1;1;1;1;1
1582;1;Democrat;1;1;1;7;1;1;1;1;1;1;1
1583;2;Democrat;1;4;1;NA;1;1;1;1;3;1;1
1584;1;Democrat;1;2;3;3;1;1;1;1;3;2;1
1585;1;Democrat;1;NA;NA;NA;1;1;1;1;1;1;1
1586;2;Democrat;2;NA;NA;NA;1;1;1;1;1;1;1
1587;2;Democrat;1;5;NA;4;NA;2;1;1;3;1;2
1588;1;Democrat;1;6;2;7;2;1;2;2;1;2;2
1589;1;independent;2;1;5;5;1;1;1;1;2;1;2
1590;2;Democrat;1;NA;NA;NA;2;1;1;1;2;2;1
1591;2;Democrat;1;NA;NA;NA;1;2;1;1;2;2;1
1592;1;Democrat;1;6;7;NA;1;1;1;1;1;2;1
1593;1;independent;2;NA;NA;NA;1;1;3;1;1;1;1
1594;2;independent;1;NA;NA;NA;1;2;1;1;1;1;2
1595;2;Democrat;2;NA;NA;NA;1;2;1;1;2;2;1
1596;1;independent;2;NA;NA;NA;2;1;1;1;3;2;1
1597;2;Democrat;2;1;1;NA;1;1;1;1;1;2;1
1598;2;Democrat;1;NA;NA;NA;1;1;2;1;1;1;2
1599;2;Democrat;1;7;1;7;2;2;1;2;2;2;1
1600;2;Democrat;2;NA;NA;NA;1;2;2;1;1;2;1
1601;1;independent;1;NA;NA;NA;3;1;1;1;3;1;1
1602;2;independent;1;NA;NA;NA;1;1;1;1;2;1;2
1603;2;Democrat;1;1;2;4;1;1;1;1;2;1;1
1604;2;Republican;1;4;5;NA;1;1;1;1;3;1;2
1605;2;independent;1;NA;NA;NA;1;1;1;1;3;1;1
1606;2;Republican;2;6;6;5;1;1;1;1;1;1;1
1607;1;Republican;2;NA;NA;NA;2;NA;1;1;2;1;1
1608;2;independent;2;NA;NA;NA;1;2;2;1;3;1;3
1609;1;Republican;2;7;7;1;3;3;2;3;3;3;2
1610;1;independent;2;NA;NA;NA;3;2;2;1;3;2;3
1611;1;Democrat;1;NA;NA;NA;1;1;1;1;3;2;1
1612;2;Democrat;1;1;4;7;2;2;2;1;2;2;1
1613;2;Democrat;1;NA;NA;4;1;NA;1;1;1;1;1
1614;2;independent;1;4;3;6;2;NA;2;1;3;1;3
1615;1;Democrat;2;NA;NA;NA;1;1;1;1;1;1;1
1616;2;Democrat;2;NA;NA;NA;1;2;2;1;1;1;1
1617;1;Democrat;1;NA;NA;NA;1;1;1;1;1;1;1
1618;1;Republican;1;NA;NA;NA;2;NA;1;1;2;3;NA
1619;2;Democrat;2;NA;NA;NA;1;2;2;1;2;2;2
1620;1;Democrat;2;NA;NA;NA;1;1;1;1;1;1;1
1621;2;Democrat;2;NA;NA;NA;1;NA;1;1;1;1;1
1622;2;independent;2;4;6;5;2;2;2;2;2;2;2
1623;2;Democrat;2;NA;NA;NA;1;1;2;1;2;1;2
1624;1;Republican;2;6;6;2;1;1;1;1;2;1;2
1625;2;Republican;2;6;5;2;2;2;1;2;3;2;2
1626;1;independent;2;4;5;4;1;2;1;1;3;1;2
1627;1;independent;1;NA;NA;NA;NA;NA;NA;NA;NA;3;NA
1628;2;Democrat;2;NA;NA;NA;1;2;1;2;2;1;1
1629;2;independent;2;2;3;6;1;2;1;1;1;2;1
1630;2;Democrat;2;NA;NA;NA;1;2;2;2;2;1;1
1631;2;independent;1;NA;NA;NA;1;2;1;2;2;2;1
1632;1;independent;2;NA;NA;NA;1;2;2;3;3;1;2
1633;1;Democrat;2;NA;NA;NA;2;2;2;2;2;1;NA
1634;2;Democrat;2;5;NA;NA;NA;NA;1;NA;NA;2;1
1635;1;Democrat;2;1;4;5;1;1;1;1;NA;1;1
1636;1;Republican;2;7;6;1;2;3;1;3;3;3;NA
1637;2;Democrat;2;NA;NA;NA;1;1;1;1;1;1;1
1638;1;Democrat;1;1;1;5;1;1;1;1;3;1;1
1639;2;Democrat;2;1;1;7;1;1;1;1;1;1;1
1640;2;Democrat;2;4;5;5;1;1;2;1;2;1;1
1641;1;independent;1;NA;NA;NA;1;1;1;2;1;1;1
1642;2;independent;1;4;5;4;3;2;2;2;3;2;2
1643;2;independent;1;1;2;7;1;2;1;2;2;2;2
1644;1;Democrat;2;1;5;5;2;1;1;1;3;1;2
1645;2;independent;2;NA;NA;NA;1;1;2;1;2;1;1
1646;2;Democrat;1;4;5;NA;2;2;2;2;2;2;2
1647;1;independent;1;1;4;NA;1;1;1;1;1;1;1
1648;2;Democrat;1;NA;NA;NA;3;2;1;2;2;1;2
1649;2;independent;1;NA;NA;NA;1;1;1;1;2;2;1
1650;2;Democrat;1;NA;NA;NA;1;1;1;1;2;1;1
1651;1;independent;2;NA;NA;NA;1;1;2;1;2;1;1
1652;2;independent;2;3;4;5;1;1;2;1;2;1;2
1653;2;Republican;1;7;5;4;1;2;2;2;1;2;2
1654;2;Democrat;1;7;5;7;2;2;2;2;2;1;1
1655;2;Republican;1;5;5;5;1;2;1;2;3;1;2
1656;2;independent;1;2;NA;5;1;1;1;1;1;1;1
1657;1;independent;2;4;5;NA;1;2;2;2;2;2;1
1658;2;Republican;2;NA;NA;NA;3;2;2;2;3;3;1
1659;1;Democrat;2;NA;NA;NA;2;2;2;1;2;1;1
1660;2;independent;1;4;5;3;1;1;1;1;2;2;2
1661;1;Democrat;2;3;3;6;1;1;1;1;1;1;1
1662;1;independent;2;NA;NA;NA;2;2;2;2;3;1;1
1663;1;Republican;2;6;6;5;1;2;2;1;3;1;1
1664;2;Democrat;2;1;1;7;1;1;1;1;2;2;2
1665;1;Democrat;1;NA;NA;NA;2;2;1;1;2;1;1
1666;2;Democrat;2;NA;NA;NA;2;3;1;1;1;1;1
1667;1;Democrat;1;NA;NA;NA;1;1;1;1;2;1;1
1668;2;Democrat;2;5;NA;3;1;1;1;1;2;1;1
1669;2;Democrat;2;3;2;5;1;1;1;1;1;1;1
1670;2;Democrat;2;1;1;5;1;1;1;1;1;2;1
1671;1;Democrat;1;1;4;6;1;1;1;1;1;1;3
1672;1;Republican;2;NA;NA;NA;2;2;3;3;3;2;NA
1673;1;independent;2;1;2;6;1;1;2;1;1;1;1
1674;2;Democrat;2;4;5;3;2;1;1;1;3;2;1
1675;1;independent;1;NA;NA;NA;1;1;1;1;3;1;1
1676;2;independent;1;1;NA;7;1;1;1;1;1;1;1
1677;1;independent;2;4;6;5;1;1;1;1;2;1;1
1678;1;independent;2;4;3;5;1;1;1;1;2;1;1
1679;1;independent;1;NA;NA;NA;2;3;2;1;3;2;1
1680;2;independent;2;1;1;6;1;1;1;1;3;1;1
1681;2;independent;1;NA;NA;NA;1;1;1;1;3;1;2
1682;2;independent;1;5;3;4;1;3;1;1;3;1;1
1683;1;Democrat;1;NA;NA;NA;1;1;1;1;1;1;1
1684;2;independent;1;1;7;2;2;3;1;1;3;1;NA
1685;2;Democrat;2;NA;NA;NA;1;1;1;1;1;1;1
1686;2;independent;2;NA;NA;NA;2;2;2;1;2;1;1
1687;1;independent;1;2;1;NA;1;2;1;2;1;1;2
1688;2;independent;1;3;2;3;1;2;1;1;2;1;1
1689;2;Democrat;2;2;2;6;1;1;2;1;1;1;1
1690;2;Republican;1;NA;NA;NA;1;2;1;1;3;1;2
1691;1;Democrat;2;2;4;6;2;1;1;1;1;1;1
1692;2;Democrat;2;NA;NA;NA;1;1;1;1;2;1;1
1693;2;Democrat;2;2;1;5;1;1;1;1;2;1;1
1694;1;independent;1;NA;NA;NA;1;1;1;1;1;1;1
1695;2;independent;1;4;1;4;1;1;1;1;1;1;1
1696;1;independent;2;4;5;5;1;2;1;1;2;1;2
1697;1;Democrat;1;2;6;7;1;1;1;1;1;1;1
1698;2;Republican;2;NA;NA;NA;2;3;1;1;2;1;2
1699;2;Republican;2;3;5;3;3;1;1;1;3;2;1
1700;2;independent;1;NA;NA;NA;1;1;3;1;2;1;1
1701;2;Democrat;2;NA;NA;NA;1;2;2;1;2;2;1
1702;1;independent;1;NA;NA;NA;1;1;1;1;1;1;1
1703;2;Democrat;2;4;4;NA;2;1;1;1;2;1;1
1704;2;independent;1;NA;NA;NA;1;1;1;1;2;1;1
1705;2;Democrat;2;1;1;1;1;3;1;1;3;1;1
1706;2;Democrat;1;NA;NA;NA;1;1;3;1;2;2;1
1707;2;independent;1;NA;NA;NA;1;1;1;2;2;2;1
1708;1;Democrat;1;NA;NA;NA;2;1;2;2;1;1;1
1709;1;independent;1;4;5;5;2;2;1;1;2;1;1
1710;1;independent;1;5;7;7;2;1;1;2;2;1;1
1711;2;Republican;2;NA;NA;NA;1;1;1;1;2;1;1
1712;2;Republican;1;NA;NA;NA;3;2;1;1;3;2;2
1713;2;Republican;2;NA;NA;NA;2;2;2;2;2;2;2
1714;2;Republican;2;NA;NA;NA;3;2;2;1;3;2;2
1715;2;Democrat;2;3;5;5;1;1;1;1;1;2;1
1716;2;independent;1;4;4;NA;1;2;1;1;2;2;1
1717;1;Democrat;1;1;5;5;1;1;1;1;3;1;1
1718;2;Democrat;1;5;3;4;1;1;1;1;1;1;1
1719;2;Democrat;1;NA;1;7;NA;1;1;3;NA;1;NA
1720;2;independent;1;NA;NA;NA;1;1;1;1;1;1;1
1721;2;Democrat;1;1;4;6;1;1;1;1;2;1;2
1722;2;independent;1;NA;4;NA;1;1;NA;1;1;NA;1
1723;2;independent;1;NA;NA;NA;1;1;1;1;1;1;1
1724;1;independent;1;3;4;5;1;1;1;1;1;1;1
1725;1;independent;1;3;4;4;1;1;2;1;3;2;1
1726;2;Republican;2;NA;NA;NA;3;3;1;1;3;2;2
1727;2;independent;1;NA;NA;7;2;1;1;1;2;2;1
1728;2;independent;1;NA;NA;NA;2;1;1;1;2;1;1
1729;2;independent;1;NA;NA;NA;1;3;1;1;1;1;1
1730;2;independent;1;NA;NA;NA;3;2;1;1;3;2;1
1731;2;Democrat;1;NA;NA;NA;1;NA;1;1;3;2;1
1732;2;Democrat;2;NA;NA;NA;2;1;1;1;2;1;1
1733;1;Democrat;2;4;5;4;1;2;1;1;2;1;1
1734;2;Democrat;1;NA;NA;NA;1;1;1;1;3;3;1
1735;2;Democrat;1;NA;NA;NA;1;1;1;1;1;1;1
1736;2;independent;1;1;7;7;1;1;1;1;2;1;1
1737;1;Republican;2;NA;NA;NA;NA;2;1;1;2;1;2
1738;1;Democrat;2;4;4;2;3;2;2;3;3;2;2
1739;1;Republican;1;1;4;4;2;2;2;2;2;2;2
1740;1;Republican;2;5;3;4;2;2;1;2;3;2;1
1741;1;Republican;1;4;5;2;1;1;1;1;3;2;2
1742;2;Democrat;1;NA;NA;NA;1;1;3;1;2;1;1
1743;1;Democrat;1;4;6;5;2;1;1;1;2;1;2
1744;2;Democrat;2;4;4;4;2;1;1;1;2;1;2
1745;1;Democrat;1;4;4;5;1;2;1;1;2;1;1
1746;2;independent;1;NA;NA;NA;2;1;1;3;1;2;2
1747;2;Democrat;2;NA;NA;NA;1;1;NA;1;NA;NA;1
1748;2;Democrat;2;NA;NA;NA;1;1;1;1;1;1;1
1749;1;Democrat;1;NA;NA;NA;1;1;1;1;1;1;1
1750;2;Democrat;2;5;4;4;1;1;2;1;3;2;1
1751;1;Democrat;2;NA;NA;NA;1;1;1;1;2;1;1
1752;2;Democrat;1;NA;5;NA;1;1;1;1;1;1;1
1753;1;Republican;1;NA;NA;NA;1;1;1;1;3;3;1
1754;2;Democrat;1;1;1;6;1;1;1;1;2;1;1
1755;2;Democrat;2;NA;2;6;1;1;1;1;1;1;1
1756;2;independent;2;NA;NA;NA;1;1;1;1;1;1;1
1757;2;Democrat;1;7;5;NA;3;3;3;2;3;3;3
1758;2;Democrat;1;1;1;7;1;1;1;1;1;1;1
1759;2;Democrat;2;4;5;4;1;2;1;1;2;1;1
1760;2;Democrat;1;NA;NA;NA;2;1;1;2;2;1;2
1761;1;Democrat;1;NA;NA;NA;1;1;1;1;1;1;1
1762;2;Democrat;2;1;6;7;1;1;1;1;1;1;1
1763;1;Democrat;1;NA;NA;NA;1;1;1;1;1;1;1
1764;2;Democrat;1;NA;NA;NA;1;1;1;1;2;2;1
1765;2;independent;1;7;4;NA;1;1;1;1;1;1;1
1766;2;Democrat;2;NA;NA;NA;1;1;1;1;3;1;1
1767;1;Democrat;1;4;7;6;1;1;1;1;2;1;1
1768;2;Republican;2;4;7;3;3;2;1;2;3;3;2
1769;2;independent;1;1;6;7;1;1;2;1;3;2;3
1770;1;Democrat;1;1;3;7;2;2;3;2;2;3;2
1771;2;Democrat;1;NA;NA;NA;1;1;1;1;1;1;1
1772;2;Democrat;1;NA;NA;NA;1;1;1;1;NA;1;1
1773;2;Democrat;1;4;4;7;1;1;1;1;2;1;1
1774;2;independent;1;5;5;5;1;1;1;2;2;2;1
1775;2;Democrat;2;NA;NA;NA;1;1;1;1;1;1;1
1776;2;Democrat;1;NA;NA;NA;1;1;1;1;2;1;1
1777;2;Democrat;2;NA;NA;NA;1;1;1;1;1;1;1
1778;1;independent;1;NA;NA;NA;1;1;1;1;2;2;2
1779;2;Democrat;1;NA;7;NA;1;2;1;2;3;3;1
1780;2;Republican;1;NA;NA;NA;1;1;1;1;1;2;1
1781;1;Democrat;2;1;4;4;1;1;1;1;1;1;1
1782;2;Democrat;1;NA;NA;NA;1;1;1;1;2;2;1
1783;1;Democrat;1;NA;NA;NA;1;1;1;1;2;1;1
1784;2;Democrat;2;7;3;7;1;1;1;1;3;1;1
1785;2;independent;1;1;1;7;1;2;3;1;2;1;1
1786;2;Democrat;1;NA;NA;NA;3;2;1;2;2;2;2
1787;2;Democrat;2;3;4;7;1;1;1;1;1;1;1
1788;2;Republican;2;NA;NA;NA;2;1;1;1;2;2;1
1789;2;Republican;2;7;7;2;3;2;2;1;3;2;2
1790;1;independent;2;3;5;5;1;1;1;1;1;1;1
1791;2;Republican;2;5;7;NA;2;3;1;1;3;2;1
1792;2;independent;2;NA;NA;NA;2;2;2;2;3;2;2
1793;2;Republican;2;4;5;3;1;1;1;1;3;1;1
1794;1;Republican;2;NA;NA;NA;3;3;2;1;2;1;3
1795;1;Republican;2;6;5;2;2;2;2;3;3;3;2
1796;1;independent;2;NA;NA;NA;2;2;2;2;3;3;2
1797;2;independent;2;NA;4;7;2;2;3;1;2;2;1
1798;2;independent;2;NA;NA;NA;1;2;2;1;3;2;2
1799;1;independent;1;NA;NA;NA;1;2;1;1;2;1;2
1800;2;Democrat;2;4;NA;3;2;3;2;1;3;3;1
1801;1;independent;1;1;1;7;1;1;1;3;2;1;1
1802;1;independent;1;NA;NA;NA;1;1;1;1;2;1;1
1803;2;independent;2;4;6;NA;1;1;1;1;2;1;1
1804;1;independent;1;NA;6;2;2;2;1;1;3;2;1
1805;1;independent;1;6;NA;NA;1;1;1;1;2;1;2
1806;2;independent;1;NA;NA;NA;1;1;1;1;1;1;1
1807;1;Republican;2;7;7;2;2;2;1;1;2;1;1
1808;1;Republican;2;NA;NA;NA;1;1;1;2;2;1;1
1809;1;independent;2;6;7;1;3;3;3;3;3;3;NA
1810;2;Republican;2;NA;NA;NA;1;1;1;1;1;1;2
1811;1;independent;2;NA;NA;NA;2;2;2;2;3;2;2
1812;2;Republican;1;6;6;3;3;2;1;1;3;2;1
1813;2;Republican;2;NA;NA;NA;1;1;2;1;2;1;1
1814;1;Republican;2;6;7;2;1;2;1;1;2;1;1
1815;2;Republican;2;NA;NA;NA;2;1;1;2;2;2;2
1816;2;Republican;2;6;7;1;2;2;1;1;3;1;2
1817;2;Republican;2;3;5;2;2;2;1;2;2;1;1
1818;2;Republican;2;5;4;4;2;2;1;1;2;1;2
1819;2;Republican;2;5;6;5;1;2;1;1;2;1;1
1820;2;Republican;2;NA;NA;NA;1;2;2;1;2;2;1
1821;1;independent;2;NA;NA;NA;1;2;1;1;2;1;2
1822;2;Republican;2;NA;NA;NA;2;3;2;2;3;3;2
1823;2;Republican;2;NA;NA;NA;2;2;2;1;2;1;2
1824;1;Democrat;1;NA;NA;NA;1;1;1;1;3;1;1
1825;2;Republican;2;NA;NA;NA;2;2;1;1;2;2;1
1826;1;independent;1;7;7;4;2;2;1;2;3;1;1
1827;1;Republican;2;NA;NA;NA;2;2;1;2;3;2;1
1828;2;Democrat;2;NA;NA;NA;1;1;1;1;1;1;1
1829;1;Republican;2;7;7;1;2;3;3;3;3;3;2
1830;2;Democrat;2;NA;NA;NA;1;2;1;1;2;1;1
1831;1;Democrat;1;NA;NA;NA;1;1;1;1;1;1;1
1832;2;Republican;1;2;6;5;1;1;1;1;3;1;1
1833;2;independent;2;NA;NA;NA;1;1;1;1;1;1;1
1834;1;Republican;2;4;6;3;1;1;1;1;3;1;1
1835;1;Democrat;1;NA;NA;NA;3;3;3;1;3;1;1
1836;1;independent;1;2;4;7;2;1;1;1;2;1;1
1837;1;independent;1;NA;NA;NA;1;2;1;2;1;1;1
1838;2;Democrat;1;NA;NA;NA;1;1;1;1;1;1;1
1839;2;independent;1;NA;NA;NA;2;1;2;1;3;3;2
1840;2;independent;1;7;1;NA;2;1;1;1;2;1;2
1841;2;Democrat;1;NA;NA;NA;1;1;1;1;1;1;1
1842;1;Democrat;1;4;4;5;1;1;1;1;3;1;1
1843;2;independent;1;NA;NA;NA;1;1;3;1;2;1;1
1844;2;Democrat;1;1;1;NA;1;1;1;1;1;1;1
1845;2;independent;1;NA;NA;NA;1;1;1;1;1;1;1
1846;2;Democrat;1;NA;NA;NA;1;1;2;1;1;1;1
1847;2;Democrat;1;1;1;3;1;1;1;1;1;1;1
1848;2;independent;1;NA;NA;NA;1;1;1;1;3;1;1
1849;2;Democrat;2;NA;NA;NA;1;1;1;1;1;1;1
1850;2;Democrat;2;3;1;7;1;1;1;1;1;1;1
1851;1;independent;1;NA;NA;NA;1;1;2;1;1;1;1
1852;2;independent;2;4;4;4;1;1;1;1;1;2;1
1853;2;Democrat;2;5;3;7;1;1;1;1;2;1;1
1854;1;Democrat;1;2;NA;NA;1;1;2;1;1;1;2
1855;1;independent;1;NA;NA;NA;1;1;1;1;1;1;1
1856;1;independent;1;NA;NA;NA;2;2;1;1;2;1;1
1857;2;independent;2;NA;NA;NA;1;1;1;1;3;1;1
1858;2;independent;1;NA;NA;NA;2;2;2;2;2;2;2
1859;1;independent;1;NA;NA;NA;1;1;1;1;2;1;1
1860;2;Republican;2;NA;NA;NA;2;2;2;2;3;2;2
1861;2;Democrat;1;6;NA;NA;1;1;2;1;1;1;1
1862;2;Democrat;1;NA;NA;NA;1;1;1;1;1;1;1
1863;2;independent;1;NA;NA;NA;1;1;1;2;1;2;1
1864;1;independent;1;NA;NA;NA;1;1;1;1;1;1;1
1865;2;Democrat;2;4;NA;NA;1;1;1;2;1;1;1
1866;2;independent;2;5;4;2;3;3;1;2;3;2;2
1867;2;Democrat;1;4;6;4;2;1;1;1;NA;1;1
1868;2;Democrat;1;NA;NA;NA;1;NA;1;1;1;NA;1
1869;1;Democrat;2;3;2;5;1;1;1;1;1;1;1
1870;2;independent;1;2;3;NA;1;1;1;1;1;NA;1
1871;1;Democrat;1;NA;NA;NA;1;1;1;1;2;1;2
1872;1;Democrat;2;1;2;6;1;1;1;1;1;1;1
1873;2;independent;1;1;3;NA;1;1;1;1;1;1;1
1874;2;Republican;1;7;7;4;3;3;1;2;3;3;1
1875;1;Democrat;1;NA;NA;NA;1;1;1;1;2;1;1
1876;2;Republican;2;NA;NA;NA;1;1;1;1;3;2;1
1877;2;independent;1;4;4;NA;1;2;1;2;2;1;1
1878;2;Democrat;2;4;2;4;NA;2;1;2;NA;2;NA
1879;2;Democrat;2;NA;NA;NA;1;2;1;1;2;2;1
1880;1;independent;2;5;1;3;1;1;1;1;1;1;2
1881;1;Democrat;2;1;1;7;1;2;1;1;2;1;1
1882;2;independent;1;7;1;4;1;3;1;1;3;1;1
1883;2;Democrat;2;NA;NA;NA;2;1;1;1;3;1;2
1884;1;Democrat;1;4;3;7;1;1;1;1;2;1;1
1885;2;Democrat;1;1;4;5;1;1;2;2;3;1;2
1886;2;Democrat;2;NA;NA;NA;1;1;1;1;1;1;1
1887;2;Democrat;2;NA;NA;NA;1;1;2;1;2;1;2
1888;2;Republican;2;5;7;3;1;1;1;1;3;1;2
1889;1;independent;2;NA;NA;NA;3;3;2;3;3;2;2
1890;2;independent;1;NA;NA;NA;1;1;2;1;2;1;1
1891;1;independent;2;NA;NA;NA;2;1;1;1;3;1;2
1892;1;independent;2;NA;NA;NA;1;1;1;1;1;1;1
1893;2;independent;2;4;2;NA;1;1;1;1;1;1;2
1894;2;Republican;2;4;5;6;NA;1;1;1;2;1;1
1895;1;independent;2;1;3;7;2;1;1;1;1;1;2
1896;1;Republican;2;NA;NA;NA;1;1;2;1;2;1;1
1897;1;independent;2;NA;NA;NA;1;NA;1;1;2;2;2
1898;2;Republican;2;NA;NA;NA;3;3;1;3;3;3;3
1899;1;Democrat;2;NA;NA;NA;2;2;3;1;2;1;2
1900;2;Democrat;2;4;NA;NA;2;1;1;1;2;1;1
1901;2;Democrat;1;NA;NA;NA;1;1;1;1;1;1;1
1902;2;independent;2;5;7;7;1;1;1;2;3;1;1
1903;2;Democrat;2;NA;NA;NA;1;1;2;1;1;1;1
1904;2;independent;1;NA;NA;NA;1;1;1;1;2;NA;1
1905;1;independent;2;NA;NA;NA;1;2;1;1;3;2;2
1906;2;independent;1;7;7;1;3;2;2;2;3;3;3
1907;2;independent;2;5;5;4;1;1;1;1;3;1;1
1908;2;independent;2;NA;NA;NA;1;1;2;1;3;1;3
1909;2;independent;2;2;4;6;2;2;2;1;2;1;2
1910;2;Republican;2;6;NA;3;2;2;2;1;2;1;1
1911;2;Democrat;2;NA;NA;NA;1;1;2;2;1;2;2
1912;1;Republican;2;NA;NA;NA;2;1;2;1;3;3;2
1913;2;Republican;2;5;6;5;3;1;2;2;3;3;2
1914;1;independent;1;2;2;6;3;2;1;3;2;3;3
1915;2;Republican;2;NA;NA;NA;2;1;2;2;2;2;1
1916;1;independent;2;NA;NA;NA;1;1;1;1;2;1;3
1917;2;Democrat;2;1;NA;4;2;2;1;1;2;1;1
1918;2;independent;1;NA;NA;NA;1;1;1;1;2;1;2
1919;2;independent;1;NA;NA;NA;1;1;1;1;2;1;1
1920;2;independent;2;4;NA;4;1;1;1;1;1;1;1
1921;2;independent;1;1;1;6;1;1;2;1;1;2;1
1922;1;independent;1;6;1;1;1;1;2;1;2;1;1
1923;2;Republican;2;NA;NA;NA;1;2;1;1;2;2;1
1924;2;independent;1;NA;7;5;1;1;1;3;3;2;1
1925;2;independent;1;NA;NA;NA;1;1;2;1;1;1;1
1926;1;independent;2;5;4;2;2;2;3;2;3;3;2
1927;1;independent;1;NA;NA;NA;1;1;1;1;1;1;2
1928;1;independent;1;NA;NA;NA;1;1;1;1;1;1;2
1929;2;Republican;2;NA;NA;NA;1;2;1;1;2;2;1
1930;2;independent;1;3;5;4;3;1;1;1;3;2;2
1931;2;Democrat;2;3;2;6;1;2;1;1;3;2;1
1932;1;independent;2;2;2;4;1;2;1;1;2;1;2
1933;2;Republican;2;5;6;2;2;2;1;2;2;2;2
1934;1;independent;1;NA;NA;NA;2;1;1;1;2;2;1
1935;2;independent;2;NA;NA;NA;2;2;1;1;2;2;2
1936;2;independent;1;1;NA;6;1;1;1;1;1;1;1
1937;1;independent;1;NA;NA;NA;1;1;1;1;1;1;1
1938;1;independent;2;4;4;4;1;2;2;1;2;2;1
1939;1;independent;1;NA;NA;NA;1;1;1;1;3;1;1
1940;2;independent;2;5;6;NA;1;1;1;1;2;1;2
1941;2;independent;1;NA;NA;NA;1;1;1;1;1;1;1
1942;2;Republican;2;NA;NA;NA;1;1;1;1;2;1;1
1943;1;Republican;2;4;6;4;1;2;1;2;3;1;1
1944;1;independent;2;NA;NA;NA;3;3;2;3;3;NA;NA
1945;1;Democrat;1;5;5;4;1;1;2;1;3;1;2
1946;1;independent;2;NA;NA;NA;1;1;2;1;1;1;3
1947;1;independent;2;4;4;4;2;2;2;2;2;1;2
1948;1;Democrat;1;4;1;7;1;1;1;1;1;1;1
1949;2;Democrat;1;1;1;6;1;1;1;1;1;1;1
1950;1;Republican;2;NA;NA;NA;2;1;1;1;3;1;NA
1951;1;independent;2;2;3;5;1;1;2;1;2;2;1
1952;1;Republican;2;NA;NA;NA;3;2;1;2;3;1;1
1953;2;independent;2;NA;NA;NA;1;NA;1;1;NA;1;1
1954;1;independent;1;NA;NA;NA;1;1;1;1;1;1;1
1955;2;Democrat;1;1;1;NA;1;1;1;3;2;2;2
1956;2;Republican;1;NA;NA;NA;2;2;1;1;2;1;1
1957;2;Republican;2;NA;4;5;1;2;2;2;2;1;NA
1958;1;independent;1;NA;NA;NA;1;1;1;1;1;1;1
1959;2;independent;2;NA;NA;NA;2;2;2;1;2;2;1
1960;1;Republican;2;NA;NA;NA;2;2;1;2;3;2;2
1961;2;Republican;1;NA;NA;NA;1;1;1;1;1;1;1
1962;2;Democrat;2;NA;NA;NA;1;2;1;3;1;1;1
1963;2;Democrat;2;NA;NA;NA;2;2;1;2;2;2;2
1964;2;Democrat;2;2;2;5;1;2;1;1;3;1;1
1965;2;Democrat;1;1;4;7;2;3;1;1;3;1;1
1966;2;independent;2;1;1;5;1;1;1;1;2;1;1
1967;1;Democrat;1;6;1;NA;1;2;1;2;2;1;1
1968;2;Democrat;1;NA;NA;NA;1;1;3;2;1;2;1
1969;2;independent;2;NA;NA;NA;1;1;2;1;2;1;1
1970;2;Democrat;2;NA;NA;NA;1;2;1;1;1;2;1
1971;2;Democrat;2;5;5;4;2;3;2;2;3;1;1
1972;1;independent;2;NA;NA;NA;1;1;1;1;2;1;1
1973;2;Republican;2;NA;5;NA;1;1;1;1;2;1;1
1974;2;independent;1;NA;NA;NA;1;2;2;2;2;2;1
1975;2;Democrat;2;NA;NA;NA;1;1;1;1;1;1;1
1976;1;independent;2;NA;NA;NA;1;2;1;1;2;2;2
1977;2;Democrat;2;4;4;7;1;1;1;1;2;1;1
1978;2;Democrat;1;NA;NA;NA;1;1;1;1;2;1;1
1979;1;independent;1;5;5;3;2;2;1;1;3;2;2
1980;1;Republican;2;5;5;5;1;1;1;1;2;1;2
1981;1;independent;2;7;7;4;1;1;1;1;1;2;1
1982;2;Democrat;2;NA;NA;NA;2;1;2;1;1;2;1
1983;2;Republican;2;NA;NA;NA;1;1;1;1;2;2;1
1984;1;Democrat;1;NA;NA;NA;1;1;1;1;1;1;1
1985;2;independent;2;1;NA;7;1;2;3;1;1;1;1
1986;1;Democrat;2;5;6;3;3;2;1;3;2;3;3
1987;2;independent;1;2;5;5;1;1;1;1;1;1;1
1988;2;independent;2;4;3;4;2;3;1;1;3;1;1
1989;2;Democrat;1;NA;NA;NA;1;1;1;1;2;2;1
1990;1;Democrat;2;NA;NA;NA;1;1;1;1;2;1;1
1991;2;independent;2;5;5;3;1;1;1;2;3;2;2
1992;2;Democrat;1;NA;NA;NA;1;2;1;1;1;2;1
1993;1;independent;1;5;6;7;1;1;1;1;2;1;1
1994;1;Democrat;2;NA;NA;NA;1;2;2;1;3;1;1
1995;2;Democrat;1;NA;NA;NA;NA;1;NA;NA;NA;NA;1
1996;2;independent;2;NA;NA;NA;1;2;1;1;3;1;1
1997;1;independent;1;NA;NA;NA;1;1;1;1;3;3;1
1998;2;Democrat;1;6;5;NA;1;1;1;1;1;1;1
1999;2;independent;2;5;6;4;2;2;2;2;3;2;1
2000;2;independent;1;NA;NA;NA;2;2;1;2;2;2;2
2001;1;independent;2;6;6;4;1;3;1;1;2;NA;1
2002;2;independent;1;4;2;5;1;1;1;3;1;1;1
2003;2;Republican;1;NA;NA;NA;1;1;2;1;2;2;1
2004;1;Democrat;1;NA;NA;NA;1;1;2;1;2;1;1
2005;2;Republican;2;NA;NA;NA;2;2;1;1;2;2;1
2006;1;Democrat;2;3;5;5;2;2;2;1;2;2;2
2007;2;Democrat;2;4;4;7;1;2;1;1;1;2;1
2008;2;Democrat;1;NA;NA;NA;1;1;1;1;1;1;1
2009;2;Republican;2;NA;NA;NA;1;2;2;1;2;2;2
2010;2;Democrat;2;4;3;4;1;1;1;1;3;1;1
2011;2;independent;1;NA;NA;NA;1;1;3;1;3;1;1
2012;2;Democrat;2;NA;NA;NA;1;2;1;1;2;2;1
2013;1;Democrat;1;NA;NA;NA;1;1;1;1;1;1;1
2014;1;Democrat;1;NA;NA;NA;1;1;1;2;2;1;1
2015;2;independent;1;NA;NA;NA;2;2;2;3;2;2;3
2016;2;Democrat;1;4;5;4;1;1;1;1;1;1;1
2017;2;Democrat;2;1;1;4;1;1;1;1;1;1;1
2018;1;Democrat;1;NA;NA;NA;2;2;1;1;3;1;2
2019;2;Democrat;2;NA;NA;NA;1;1;1;1;3;1;1
2020;1;independent;1;1;1;NA;1;1;1;1;1;1;1
2021;2;Democrat;1;4;4;4;2;2;2;1;2;2;2
2022;1;independent;2;NA;NA;NA;3;3;2;1;3;1;NA
2023;2;Democrat;2;NA;NA;NA;2;1;1;1;2;1;1
2024;2;Democrat;2;NA;NA;NA;2;3;1;1;3;2;1
2025;2;Democrat;2;NA;4;5;1;1;1;1;2;1;2
2026;1;independent;2;NA;NA;NA;1;2;1;1;3;1;1
2027;2;independent;2;6;6;NA;1;2;1;1;2;1;1
2028;1;Republican;1;NA;6;4;1;2;2;1;2;2;2
2029;2;Democrat;2;4;4;3;2;2;1;1;3;1;1
2030;1;Republican;1;7;7;2;3;1;1;3;3;1;1
2031;2;independent;2;NA;7;3;2;1;1;1;2;1;2
2032;2;Republican;2;NA;NA;NA;3;1;3;2;3;1;1
2033;1;independent;2;5;6;5;1;1;1;1;1;1;1
2034;1;Democrat;1;2;NA;4;2;2;1;2;2;2;1
2035;1;independent;1;NA;NA;NA;1;1;1;1;2;2;1
2036;2;independent;1;NA;NA;NA;1;1;1;2;1;1;1
2037;2;independent;2;NA;NA;NA;1;1;1;1;3;1;2
2038;2;independent;1;3;NA;NA;1;2;1;1;2;2;1
2039;1;independent;2;4;5;4;3;2;2;1;1;1;1
2040;2;independent;1;1;1;4;1;1;1;1;2;1;1
2041;1;independent;1;NA;NA;NA;1;1;1;1;2;1;2
2042;2;independent;1;NA;NA;NA;2;2;1;2;3;1;2
2043;2;Democrat;1;NA;NA;NA;1;2;1;1;3;1;1
2044;2;independent;1;NA;NA;NA;3;3;1;2;2;1;2
2045;1;Republican;2;NA;NA;NA;2;1;2;1;1;1;1
2046;2;independent;1;NA;NA;NA;1;3;1;1;1;2;1
2047;2;Democrat;1;1;2;4;1;1;1;1;3;1;1
2048;1;Democrat;1;NA;NA;NA;1;1;1;1;3;1;1
2049;1;Democrat;1;7;1;NA;3;3;1;1;3;1;1
2050;2;independent;1;NA;NA;NA;1;1;1;2;2;1;2
2051;2;Democrat;1;5;5;4;1;1;1;1;1;1;1
2052;1;Democrat;1;NA;NA;NA;1;2;2;2;2;2;1
2053;2;Democrat;1;NA;4;4;2;2;1;2;2;3;2
2054;2;Democrat;1;NA;NA;NA;1;1;1;2;2;1;2
2055;1;independent;1;NA;NA;NA;1;1;3;1;2;1;1
2056;1;Democrat;1;6;6;NA;1;1;1;1;1;1;1
2057;2;Democrat;2;2;4;5;1;1;1;1;2;1;1
2058;1;independent;2;NA;NA;NA;1;1;1;1;2;3;1
2059;1;Democrat;2;NA;NA;NA;NA;3;1;1;3;1;1
2060;2;Republican;1;NA;NA;NA;1;1;2;2;2;2;2
2061;2;Democrat;1;1;7;5;1;1;1;1;2;1;1
2062;1;independent;1;NA;NA;NA;2;2;2;2;2;2;2
2063;2;independent;1;NA;NA;NA;1;1;1;1;1;1;1
2064;2;Democrat;2;6;5;6;1;2;2;2;3;1;1
2065;2;Democrat;1;NA;NA;NA;1;1;3;1;1;1;1
2066;1;independent;2;6;6;5;1;2;1;1;2;1;1
2067;1;independent;2;NA;NA;NA;1;2;1;1;1;1;1
2068;2;Democrat;1;3;2;NA;1;1;1;1;1;1;1
2069;1;independent;1;NA;NA;NA;2;2;1;2;3;1;1
2070;2;Democrat;1;4;4;5;1;3;1;1;1;3;1
2071;2;independent;2;3;2;NA;1;1;1;1;3;1;1
2072;1;Democrat;1;6;4;4;1;1;1;1;1;1;1
2073;1;Democrat;1;1;1;7;1;1;1;1;1;1;1
2074;2;Democrat;1;NA;NA;NA;1;1;1;2;3;1;1
2075;2;Democrat;1;NA;NA;NA;1;1;1;1;2;1;2
2076;1;independent;1;1;4;5;2;2;1;1;2;1;2
2077;1;Republican;1;NA;NA;NA;1;1;1;1;1;2;1
2078;1;Democrat;1;NA;5;4;1;1;1;1;1;1;1
2079;1;independent;1;6;NA;5;2;1;2;1;1;2;1
2080;2;Democrat;2;5;6;3;3;2;1;2;3;1;1
2081;1;independent;1;NA;NA;NA;3;1;1;2;1;1;1
2082;2;Democrat;1;NA;NA;NA;1;1;1;1;2;1;1
2083;2;independent;1;NA;NA;NA;1;1;1;1;1;1;1
2084;1;independent;1;1;4;NA;2;1;2;1;2;1;1
2085;2;Republican;1;1;5;NA;1;2;1;1;1;3;2
2086;2;Democrat;1;NA;NA;NA;1;1;1;1;2;1;1
2087;2;Democrat;2;NA;NA;NA;2;2;1;1;1;1;1
2088;1;Democrat;1;NA;NA;NA;1;1;3;1;1;2;1
2089;1;Democrat;2;6;5;5;1;1;1;1;1;1;1
2090;2;Democrat;2;NA;NA;NA;2;2;2;1;3;2;2
2091;2;independent;1;3;3;4;1;1;1;1;2;1;2
2092;1;Republican;1;7;7;1;1;2;1;1;3;1;1
2093;1;independent;1;3;3;4;1;1;1;1;NA;1;1
2094;2;Democrat;1;NA;NA;NA;1;1;1;1;1;1;1
2095;2;Republican;1;NA;NA;NA;1;1;1;1;1;1;1
2096;1;Democrat;2;NA;NA;NA;1;1;1;1;1;1;1
2097;2;independent;1;NA;NA;NA;1;1;3;2;3;1;2
2098;2;Democrat;2;7;3;4;1;1;1;1;1;1;1
2099;2;independent;1;NA;NA;NA;1;1;1;1;2;NA;1
2100;1;independent;1;NA;NA;NA;1;1;1;2;2;1;1
2101;2;Democrat;1;7;7;7;1;1;1;1;1;1;1
2102;2;independent;2;6;4;5;1;1;1;1;1;1;1
2103;1;Democrat;2;NA;NA;NA;1;1;1;1;1;1;1
2104;1;independent;1;NA;NA;NA;1;1;1;2;3;1;2
2105;2;independent;1;NA;NA;NA;1;2;1;2;2;2;2
2106;2;Democrat;1;NA;NA;NA;1;2;1;1;1;1;1
2107;2;Democrat;1;1;1;7;1;1;3;1;1;1;1
2108;1;independent;1;NA;NA;NA;1;1;1;1;1;1;2
2109;2;independent;1;5;NA;5;2;1;1;2;1;1;2
2110;1;independent;1;NA;NA;NA;1;1;1;1;2;1;1
2111;1;Democrat;1;1;5;6;1;1;1;1;2;1;1
2112;2;independent;1;1;7;7;1;1;3;1;1;1;1
2113;1;independent;1;NA;NA;NA;1;1;3;1;1;1;1
2114;2;independent;2;NA;NA;NA;1;1;1;1;1;1;2
2115;1;Democrat;1;3;7;5;1;1;1;1;1;1;1
2116;2;independent;2;NA;NA;NA;NA;1;NA;1;NA;1;NA
2117;2;independent;2;NA;NA;NA;1;1;1;1;1;1;1
2118;2;Democrat;1;NA;NA;NA;1;1;2;1;2;1;2
2119;1;independent;2;7;7;7;2;1;2;1;3;1;2
2120;2;Democrat;2;4;3;6;1;2;2;1;1;1;2
2121;1;independent;2;NA;NA;NA;1;2;1;1;2;1;1
2122;1;independent;1;NA;NA;NA;1;3;1;1;2;1;NA
2123;2;Democrat;1;3;4;4;1;1;1;1;1;2;1
2124;1;Republican;2;7;6;1;3;2;1;1;3;2;3
2125;2;Democrat;2;NA;NA;NA;1;1;1;1;1;1;1
2126;2;Democrat;2;NA;NA;NA;1;1;1;1;1;1;1
2127;2;Republican;2;NA;NA;NA;2;2;1;1;3;2;2
2128;2;Democrat;2;NA;NA;NA;1;2;2;1;2;1;2
2129;1;Republican;1;5;6;4;2;2;1;2;2;1;1
2130;2;independent;2;5;1;4;1;1;1;1;1;1;1
2131;1;Democrat;1;NA;NA;NA;2;1;1;1;1;1;2
2132;2;independent;2;NA;NA;NA;1;1;1;1;1;1;1
2133;1;Democrat;1;1;3;7;1;1;1;1;3;2;1
2134;2;independent;2;NA;NA;NA;2;1;1;1;3;1;1
2135;1;independent;1;2;1;3;2;1;2;2;2;2;2
2136;2;independent;1;NA;NA;NA;1;1;1;1;1;1;1
2137;2;Democrat;1;NA;NA;NA;1;2;1;2;1;1;1
2138;1;independent;1;1;6;NA;2;1;1;1;3;2;1
2139;2;independent;1;NA;NA;NA;1;2;1;1;1;NA;1
2140;2;independent;1;NA;NA;NA;2;1;1;1;1;1;1
2141;2;independent;2;4;5;4;1;3;1;1;NA;1;2
2142;2;Democrat;1;NA;NA;NA;1;1;1;1;2;1;1
2143;2;Democrat;2;3;4;6;1;1;2;1;1;1;1
2144;2;Republican;2;NA;NA;NA;2;1;2;1;3;1;2
2145;2;Democrat;2;3;3;7;1;1;2;1;1;1;1
2146;2;Democrat;2;NA;NA;NA;2;1;2;1;3;1;1
2147;1;Democrat;2;NA;NA;NA;1;1;1;1;2;1;1
2148;1;Democrat;2;NA;NA;NA;2;1;2;1;2;1;1
2149;1;independent;2;1;2;7;1;1;1;1;1;1;1
2150;2;Democrat;2;NA;NA;NA;1;1;1;1;1;1;1
2151;2;independent;2;6;6;3;2;3;2;3;3;1;2
2152;2;Democrat;2;5;6;5;1;1;2;1;2;2;2
2153;1;independent;2;NA;NA;NA;2;1;2;1;2;1;1
2154;2;independent;1;3;5;3;1;1;1;1;2;1;1
2155;1;Democrat;2;1;3;6;1;2;2;1;2;1;1
2156;1;independent;2;3;4;7;1;2;2;3;1;1;1
2157;2;independent;2;NA;NA;NA;2;2;2;3;2;1;3
2158;1;independent;2;4;5;4;2;3;2;1;2;1;2
2159;1;independent;2;5;6;2;2;2;2;1;2;2;2
2160;2;Republican;1;6;5;4;2;2;1;1;3;2;1
2161;2;Democrat;2;2;4;6;NA;1;2;1;NA;1;1
2162;1;independent;2;2;7;3;2;2;2;2;2;2;2
2163;1;independent;2;NA;NA;NA;1;1;1;1;2;1;1
2164;2;independent;1;3;6;6;2;1;1;1;2;1;1
2165;2;Republican;1;NA;NA;NA;1;2;1;1;2;2;1
2166;1;Democrat;2;1;3;5;3;2;2;1;3;1;1
2167;2;independent;1;NA;4;4;NA;NA;NA;NA;NA;1;2
2168;1;independent;1;4;NA;NA;2;2;1;2;2;1;2
2169;2;Republican;2;NA;NA;NA;1;2;2;2;2;1;1
2170;1;Republican;1;NA;NA;NA;2;2;1;1;2;1;1
2171;2;Democrat;2;NA;NA;NA;2;1;2;1;1;1;1
2172;2;independent;2;1;2;7;1;1;2;2;1;1;1
2173;2;independent;1;4;5;3;2;2;1;1;2;2;2
2174;1;independent;1;NA;NA;NA;2;3;2;2;3;2;1
2175;1;Democrat;1;NA;NA;NA;3;3;2;2;3;2;2
2176;2;Republican;1;6;5;3;1;1;1;2;1;2;1
2177;2;Republican;1;2;7;6;3;3;2;1;2;1;1
2178;1;independent;2;NA;6;4;NA;NA;2;1;3;1;2
2179;2;Republican;1;4;4;5;1;1;1;1;2;1;1
2180;2;Democrat;1;NA;NA;NA;1;2;1;1;1;1;1
2181;1;independent;2;2;5;6;3;3;3;1;3;1;NA
2182;1;independent;1;NA;NA;NA;1;1;1;2;2;1;1
2183;1;Democrat;1;NA;NA;NA;1;1;2;1;1;1;1
2184;2;independent;1;1;NA;4;1;1;1;1;3;1;1
2185;2;Democrat;1;2;1;7;1;1;1;1;1;1;1
2186;1;Democrat;2;NA;NA;NA;1;1;1;1;2;2;1
2187;2;independent;2;NA;4;7;2;1;1;1;1;1;1
2188;2;independent;2;5;7;4;1;2;2;1;2;1;2
2189;1;Republican;1;6;5;4;1;NA;1;1;2;1;2
2190;2;Democrat;1;NA;NA;NA;1;1;1;2;1;2;1
2191;1;independent;2;NA;5;3;1;1;1;1;1;1;1
2192;2;independent;1;2;1;NA;1;1;1;2;3;1;1
2193;2;Republican;2;5;7;5;3;NA;NA;1;3;2;NA
2194;2;Democrat;1;NA;NA;NA;1;1;1;1;1;2;1
2195;1;Democrat;1;4;4;4;2;2;1;1;2;2;2
2196;1;Democrat;1;4;5;NA;1;NA;2;2;2;1;2
2197;1;independent;1;NA;NA;NA;2;1;1;1;3;1;1
2198;1;Republican;1;NA;NA;NA;1;1;1;NA;NA;1;1
2199;1;independent;2;NA;NA;NA;1;2;1;1;2;2;1
2200;2;independent;1;NA;NA;NA;1;1;1;1;1;1;1
2201;2;Republican;1;NA;NA;NA;3;2;1;1;3;2;1
2202;1;Democrat;1;7;1;NA;1;1;1;1;3;2;1
2203;1;Democrat;1;NA;NA;NA;1;1;1;1;1;2;1
2204;2;Democrat;1;NA;NA;NA;2;2;2;2;2;NA;1
2205;1;Republican;2;NA;NA;NA;3;3;1;3;3;2;3
2206;2;Republican;2;NA;NA;NA;1;1;2;1;3;1;2
2207;1;Republican;2;6;6;2;3;3;3;3;3;3;2
2208;1;Democrat;1;1;NA;NA;2;3;1;2;3;2;1
2209;1;Democrat;2;NA;5;5;1;1;1;1;2;1;1
2210;2;Democrat;2;4;6;3;1;3;1;1;2;1;1
2211;1;Republican;1;NA;NA;NA;2;2;2;1;3;1;1
2212;1;independent;2;NA;NA;NA;3;2;1;1;3;1;2
2213;2;independent;2;NA;NA;NA;1;1;1;1;1;1;1
2214;1;independent;1;4;5;5;1;1;1;1;3;2;1
2215;2;Democrat;1;NA;NA;NA;1;1;1;1;1;1;1
2216;1;independent;2;1;3;7;1;1;2;1;2;1;1
2217;1;independent;2;NA;7;1;2;3;1;2;3;1;2
2218;1;independent;2;NA;NA;NA;3;3;3;3;3;3;2
2219;2;Democrat;2;NA;NA;NA;2;2;1;2;2;1;1
2220;2;Democrat;2;NA;NA;NA;2;2;2;1;2;1;2
2221;2;Republican;2;NA;NA;NA;1;1;2;1;2;1;1
2222;1;independent;2;NA;NA;NA;1;1;3;1;2;1;2
2223;2;Democrat;2;1;7;5;1;1;1;1;1;1;1
2224;2;Democrat;1;2;1;5;1;1;1;1;1;2;1
2225;1;Democrat;2;NA;NA;NA;1;NA;1;1;1;2;1
2226;2;Democrat;2;NA;NA;NA;1;1;2;1;2;2;1
2227;1;Democrat;2;NA;NA;NA;1;1;1;1;2;1;2
2228;1;Republican;2;NA;NA;NA;NA;1;2;2;3;1;2
2229;1;independent;1;2;NA;NA;2;2;2;2;2;2;2
2230;2;independent;1;NA;NA;NA;2;1;1;1;2;1;2
2231;2;Republican;1;NA;1;4;1;1;2;1;1;3;1
2232;2;Democrat;1;NA;NA;NA;1;1;2;1;1;1;1
2233;1;independent;1;2;NA;6;1;1;2;1;2;2;2
2234;2;independent;2;1;4;7;1;1;1;1;2;1;2
2235;2;Democrat;2;NA;NA;NA;1;1;1;1;2;1;1
2236;2;Democrat;2;1;3;6;1;1;2;1;1;1;1
2237;2;Democrat;1;6;5;NA;1;NA;1;1;2;1;1
2238;1;independent;2;3;6;4;2;1;2;1;2;1;2
2239;1;independent;2;NA;NA;NA;2;1;1;2;2;3;2
2240;2;independent;2;NA;NA;NA;1;2;2;1;1;1;1
2241;2;Democrat;1;NA;NA;NA;1;1;1;1;1;1;1
2242;1;Democrat;2;1;4;4;2;2;2;1;3;2;2
2243;1;independent;1;4;3;5;1;2;1;1;2;1;1
2244;2;independent;1;NA;NA;NA;1;1;1;1;2;1;1
2245;2;Democrat;2;3;4;5;1;1;2;NA;1;1;NA
2246;1;Democrat;2;NA;NA;NA;1;1;2;1;2;1;1
2247;2;Republican;1;1;2;7;1;1;1;1;1;1;3
2248;1;Democrat;1;NA;NA;NA;1;1;2;1;2;1;1
2249;2;Republican;2;NA;NA;NA;1;1;2;1;2;2;1
2250;2;independent;2;NA;NA;NA;2;2;1;2;2;1;2
2251;1;Democrat;1;NA;NA;NA;1;2;1;2;2;2;1
2252;1;independent;1;NA;NA;NA;1;1;1;2;2;1;2
2253;2;independent;2;NA;NA;NA;1;1;2;1;2;2;1
2254;2;independent;1;2;3;4;1;1;1;1;1;2;3
2255;2;Democrat;2;NA;NA;NA;2;2;2;1;3;2;2
2256;2;Democrat;1;3;3;4;1;1;2;1;3;1;2
2257;2;Republican;1;1;NA;NA;2;NA;1;1;2;2;1
2258;1;Democrat;2;NA;NA;NA;1;1;3;2;2;1;2
2259;1;independent;1;NA;6;4;1;2;1;NA;3;1;1
2260;1;independent;1;NA;NA;NA;2;2;1;1;3;2;2
2261;2;independent;1;NA;NA;NA;2;2;2;2;2;2;2
2262;1;Democrat;2;NA;NA;NA;1;1;2;1;2;1;1
2263;1;independent;1;7;6;NA;1;2;2;1;1;2;1
2264;2;independent;1;NA;NA;NA;1;3;1;2;3;3;1
2265;1;independent;1;NA;NA;NA;2;2;2;1;2;2;1
2266;1;Democrat;2;NA;NA;NA;2;2;2;1;2;1;2
2267;1;Republican;1;6;6;2;1;2;2;2;3;2;1
2268;1;Democrat;1;NA;NA;NA;1;1;1;1;2;1;2
